student_id,age,marks,internal_marks,research_papers,projects,placed
100001,18,67.5,26.1,2,0,1
100002,24,66.5,30.0,0,4,1
100003,23,81.2,30.0,2,2,1
100004,21,81.8,25.0,1,2,0
100005,21,65.6,13.3,1,2,0
100006,24,67.2,19.5,1,0,1
100007,18,78.5,28.8,1,3,1
100008,23,62.1,17.2,2,1,1
100009,19,67.1,23.4,0,6,1
100010,18,73.1,26.7,1,3,1
100011,22,84.0,30.0,2,3,1
100012,25,64.7,22.1,2,5,1
100013,23,49.9,21.8,0,1,0
100014,24,49.0,24.7,1,3,1
100015,23,56.9,26.8,0,2,1
100016,24,56.2,24.2,1,2,0
100017,22,70.1,30.0,1,4,1
100018,19,57.7,21.0,1,1,0
100019,24,63.6,25.6,1,1,0
100020,21,62.7,27.2,2,5,1
100021,22,66.7,23.0,2,5,1
100022,20,87.9,29.2,1,3,1
100023,19,79.9,25.7,3,1,1
100024,25,72.2,28.9,1,3,1
100025,24,66.5,26.0,1,6,1
100026,23,66.8,26.9,0,4,1
100027,21,75.9,21.8,2,2,1
100028,24,79.0,21.8,3,2,1
100029,22,61.1,30.0,0,2,0
100030,21,72.4,28.2,0,2,1
100031,21,47.6,19.9,1,1,1
100032,19,74.5,25.9,3,1,1
100033,18,81.1,13.1,2,3,1
100034,22,68.6,22.1,0,3,1
100035,25,93.8,29.8,0,5,1
100036,18,61.4,24.4,2,3,1
100037,24,74.6,25.6,0,4,1
100038,24,71.6,10.0,1,2,0
100039,20,70.8,23.0,0,3,1
100040,23,70.6,26.7,0,4,1
100041,19,73.3,27.3,4,7,1
100042,24,82.2,29.8,1,3,1
100043,23,88.5,23.9,1,2,1
100044,20,72.0,24.2,0,1,1
100045,18,81.8,18.3,0,1,0
100046,25,63.6,24.0,0,4,1
100047,21,81.2,18.7,0,5,1
100048,25,62.9,15.8,1,1,1
100049,23,85.1,19.6,2,3,1
100050,24,98.5,30.0,2,2,1
100051,24,70.5,23.6,0,3,1
100052,19,45.7,26.1,1,3,1
100053,20,65.4,22.4,1,1,1
100054,21,86.8,16.0,3,3,1
100055,21,78.6,29.7,0,2,1
100056,18,75.0,14.1,2,1,0
100057,22,84.1,22.2,0,1,0
100058,19,77.8,24.7,2,1,1
100059,23,86.6,26.2,1,3,1
100060,23,83.0,21.4,0,2,1
100061,25,90.3,15.8,2,0,0
100062,23,76.3,21.0,1,2,1
100063,20,82.9,21.3,0,2,1
100064,25,68.3,21.1,1,3,1
100065,21,64.8,29.9,0,0,1
100066,20,92.5,18.9,1,3,1
100067,25,74.6,26.5,2,1,0
100068,20,81.7,25.8,1,3,1
100069,18,73.5,29.8,0,4,1
100070,21,65.0,24.3,1,2,0
100071,24,72.1,29.0,3,2,1
100072,19,89.2,24.1,0,3,1
100073,21,78.7,27.2,2,4,1
100074,19,51.5,17.5,1,3,1
100075,23,69.4,11.8,0,3,0
100076,21,93.4,26.9,2,2,1
100077,20,69.4,27.2,2,1,0
100078,19,50.4,27.4,0,2,0
100079,22,94.7,22.4,3,1,1
100080,23,80.2,30.0,3,3,1
100081,25,71.2,22.7,0,1,1
100082,21,67.5,27.1,1,3,1
100083,19,85.0,28.0,0,1,1
100084,24,65.5,30.0,1,2,1
100085,23,85.8,23.4,3,1,1
100086,23,78.5,21.7,3,2,1
100087,18,74.9,17.5,0,6,1
100088,20,73.7,30.0,1,3,1
100089,24,69.9,27.1,1,2,1
100090,24,84.5,27.3,0,0,0
100091,21,61.6,30.0,2,3,1
100092,24,52.5,26.6,3,3,0
100093,24,79.4,18.5,1,1,0
100094,21,79.6,24.0,1,0,1
100095,25,77.8,20.1,2,2,1
100096,20,76.9,23.0,2,3,0
100097,19,68.2,23.0,0,3,0
100098,23,81.4,22.1,1,1,1
100099,23,71.5,18.0,2,3,1
100100,19,66.2,30.0,0,4,1
100101,24,68.3,26.5,2,2,1
100102,19,96.2,23.9,0,3,1
100103,24,51.2,28.8,3,4,1
100104,18,78.0,27.4,3,1,1
100105,24,51.9,26.4,2,2,0
100106,24,70.7,28.4,0,1,1
100107,24,66.8,25.7,1,0,1
100108,23,47.0,28.4,2,3,1
100109,21,76.7,28.8,0,3,1
100110,23,67.4,25.8,0,2,1
100111,20,46.8,23.9,2,2,1
100112,24,82.1,30.0,1,1,1
100113,22,89.2,22.6,0,5,1
100114,21,89.9,27.0,2,1,1
100115,22,76.3,27.1,2,1,1
100116,22,72.6,22.0,1,3,1
100117,18,87.9,21.0,1,4,1
100118,19,92.2,23.2,1,1,1
100119,19,85.6,22.5,2,1,1
100120,18,60.7,17.7,1,4,1
100121,21,74.4,21.7,1,3,1
100122,23,77.3,26.3,2,3,1
100123,23,50.3,30.0,1,2,1
100124,21,77.6,27.8,1,5,1
100125,24,99.3,12.0,2,3,1
100126,22,79.7,28.2,2,2,1
100127,18,89.7,22.2,0,6,1
100128,24,74.2,27.3,0,1,0
100129,22,71.1,24.9,2,2,1
100130,23,76.6,24.0,0,3,1
100131,22,62.2,24.5,2,1,0
100132,22,60.4,24.9,0,1,0
100133,18,87.2,30.0,0,3,1
100134,22,88.5,24.9,0,3,1
100135,24,60.1,30.0,1,0,0
100136,20,83.6,29.7,0,1,1
100137,22,71.0,28.3,1,1,1
100138,18,76.1,16.1,1,6,1
100139,20,77.5,30.0,0,4,1
100140,21,83.9,22.7,0,2,1
100141,25,73.0,28.6,3,2,1
100142,19,88.9,20.1,3,2,1
100143,20,75.7,19.1,4,3,1
100144,21,79.5,30.0,1,5,1
100145,25,62.0,20.2,0,4,1
100146,24,97.9,30.0,1,3,1
100147,18,77.6,25.6,1,3,1
100148,19,80.6,22.9,0,5,1
100149,24,52.7,24.8,0,3,1
100150,18,62.1,18.5,1,3,1
100151,24,86.9,24.9,1,1,1
100152,20,75.4,19.6,3,3,1
100153,25,49.0,23.0,0,1,0
100154,20,84.5,29.6,2,1,1
100155,21,65.5,26.3,2,2,1
100156,23,88.9,17.6,1,2,1
100157,19,70.9,29.3,0,1,0
100158,22,74.5,25.0,3,3,1
100159,22,86.1,22.3,2,2,1
100160,24,61.2,28.7,0,1,1
100161,25,60.1,24.2,2,1,1
100162,23,69.6,19.2,1,3,1
100163,21,81.9,30.0,2,0,1
100164,21,56.0,24.9,2,3,1
100165,21,52.0,24.6,1,2,1
100166,24,81.9,23.0,0,0,0
100167,20,64.8,30.0,0,1,1
100168,19,67.3,22.4,1,6,1
100169,20,49.7,17.3,0,4,1
100170,18,63.9,21.6,0,4,1
100171,18,71.9,30.0,1,2,1
100172,18,83.2,29.2,1,3,1
100173,24,62.7,23.7,1,1,1
100174,23,91.9,30.0,1,0,0
100175,23,63.8,28.7,1,2,0
100176,21,63.8,23.7,0,1,1
100177,23,90.4,24.2,0,2,1
100178,19,74.5,26.6,0,8,1
100179,25,65.4,20.8,3,4,1
100180,22,70.1,25.0,1,3,1
100181,25,88.2,26.5,1,1,0
100182,19,89.6,16.6,2,1,1
100183,21,62.2,24.1,2,0,0
100184,23,71.5,23.5,0,3,1
100185,21,73.1,30.0,2,4,1
100186,21,60.2,15.8,1,5,1
100187,19,71.3,23.1,1,2,1
100188,21,72.1,22.6,0,4,1
100189,19,85.7,29.8,0,1,0
100190,20,86.5,24.8,2,4,1
100191,23,68.0,30.0,0,1,0
100192,23,69.4,28.3,2,3,1
100193,22,80.0,22.9,1,4,1
100194,20,65.0,26.2,1,7,1
100195,25,79.1,23.2,2,4,1
100196,18,70.9,29.3,3,5,1
100197,20,60.4,18.3,2,4,1
100198,18,60.5,20.9,0,3,1
100199,20,89.4,27.3,0,2,1
100200,25,70.1,30.0,1,3,1
100201,20,91.7,14.0,0,3,1
100202,25,65.8,30.0,1,3,1
100203,21,75.5,24.3,1,0,1
100204,23,100.0,15.6,0,4,1
100205,21,59.3,10.0,1,2,0
100206,20,49.2,17.4,2,2,1
100207,24,87.4,24.9,0,2,1
100208,25,62.1,24.7,1,2,1
100209,20,71.8,28.2,0,2,1
100210,24,65.0,22.3,3,3,1
100211,20,75.2,19.5,0,2,1
100212,23,60.6,22.9,1,2,1
100213,24,69.8,25.2,0,4,1
100214,21,77.4,26.2,0,0,1
100215,23,59.9,21.1,0,0,0
100216,20,63.6,29.5,1,2,1
100217,18,67.8,21.9,1,6,1
100218,18,54.9,20.7,1,2,1
100219,21,66.9,22.3,3,2,1
100220,25,73.4,30.0,2,2,1
100221,19,67.2,24.3,1,1,0
100222,21,68.7,21.5,1,2,0
100223,23,71.8,29.6,2,3,1
100224,19,64.1,30.0,2,2,1
100225,23,80.3,26.0,1,2,1
100226,20,89.2,30.0,1,1,0
100227,24,66.4,30.0,3,1,1
100228,22,77.8,22.0,2,2,1
100229,22,69.1,25.1,0,5,1
100230,19,76.4,18.6,1,3,1
100231,21,90.8,24.0,2,2,1
100232,24,78.1,21.9,2,3,1
100233,18,50.7,23.0,3,5,1
100234,24,77.4,21.3,0,5,1
100235,21,86.8,23.6,1,1,1
100236,23,69.3,27.7,0,2,1
100237,23,83.9,24.4,0,1,1
100238,21,63.7,15.7,2,3,1
100239,20,54.2,21.3,0,5,1
100240,23,73.7,17.4,2,0,0
100241,19,50.9,26.2,1,3,1
100242,22,69.1,27.5,1,4,1
100243,18,87.4,26.3,1,5,1
100244,23,49.1,21.1,1,1,0
100245,23,56.6,26.2,2,4,1
100246,18,59.6,22.6,2,2,1
100247,24,71.2,19.3,0,3,1
100248,21,67.6,28.7,1,2,0
100249,24,88.8,29.1,2,1,1
100250,18,83.5,29.7,2,6,1
100251,19,77.9,22.0,2,3,1
100252,21,73.7,30.0,4,2,1
100253,19,76.7,22.5,1,1,1
100254,20,61.7,28.3,0,5,1
100255,23,82.3,22.4,1,3,1
100256,19,58.7,23.9,6,0,1
100257,23,82.0,12.9,2,2,1
100258,18,86.2,23.5,0,2,1
100259,19,74.5,25.5,0,2,1
100260,22,69.9,22.9,1,2,1
100261,24,76.8,30.0,2,1,1
100262,19,37.7,19.2,4,2,1
100263,20,75.6,22.2,1,2,1
100264,25,70.6,20.5,0,2,0
100265,25,71.4,22.2,1,1,1
100266,22,80.5,30.0,1,2,1
100267,21,71.1,30.0,1,3,1
100268,20,58.3,21.5,0,2,1
100269,22,70.3,21.4,1,0,0
100270,22,72.8,19.2,1,2,1
100271,20,73.4,30.0,0,4,1
100272,18,73.9,30.0,0,3,1
100273,19,84.5,24.5,3,1,1
100274,25,59.0,18.0,1,7,1
100275,21,74.1,18.5,0,2,0
100276,21,87.5,25.9,1,1,1
100277,21,51.2,27.7,1,3,1
100278,24,74.2,14.7,1,3,1
100279,18,65.0,23.4,1,2,1
100280,18,67.6,30.0,2,3,1
100281,20,61.1,23.9,0,2,0
100282,21,70.0,30.0,0,4,1
100283,23,94.1,28.2,0,2,1
100284,21,56.8,19.6,0,1,0
100285,21,58.0,23.5,0,2,0
100286,25,56.4,24.4,4,2,1
100287,19,92.7,20.2,4,1,1
100288,22,66.5,20.2,1,3,1
100289,22,71.7,30.0,0,2,1
100290,21,67.2,20.1,1,3,1
100291,24,60.7,30.0,0,3,1
100292,20,69.2,22.8,0,1,1
100293,25,100.0,24.9,0,5,1
100294,20,88.7,27.8,2,4,1
100295,22,61.8,22.0,1,2,1
100296,22,79.8,27.8,2,1,1
100297,24,62.0,14.8,1,3,1
100298,21,50.7,27.2,3,2,0
100299,20,84.2,12.7,3,3,1
100300,18,85.9,23.9,1,5,1
100301,20,84.6,29.3,0,2,1
100302,24,66.4,28.1,1,3,1
100303,18,70.0,18.5,0,2,1
100304,25,81.0,19.2,4,4,1
100305,22,76.7,21.6,1,0,1
100306,19,67.3,25.9,0,3,1
100307,20,52.6,14.8,1,2,1
100308,22,73.4,24.9,1,3,1
100309,20,84.9,26.6,0,3,1
100310,18,57.6,23.6,0,1,0
100311,23,79.7,27.6,1,0,1
100312,23,76.0,26.1,1,0,0
100313,18,81.0,22.3,1,1,1
100314,20,82.5,15.3,1,2,1
100315,19,63.7,25.7,0,1,1
100316,23,52.6,20.2,1,2,1
100317,23,65.6,22.1,1,0,1
100318,23,82.7,27.4,0,7,1
100319,25,65.5,30.0,0,2,1
100320,24,63.7,24.8,2,1,1
100321,20,50.1,27.8,1,0,0
100322,18,93.0,17.8,3,2,1
100323,22,81.9,26.2,2,3,1
100324,25,81.2,24.7,0,2,1
100325,25,83.6,30.0,3,2,1
100326,19,78.9,22.3,2,1,1
100327,19,69.1,23.8,1,4,1
100328,18,70.0,30.0,1,4,1
100329,19,66.9,24.5,1,4,1
100330,22,100.0,19.5,2,2,1
100331,22,78.7,30.0,0,3,0
100332,20,66.4,19.6,1,4,1
100333,20,77.6,24.7,1,0,0
100334,24,59.9,26.7,1,3,1
100335,21,90.1,26.3,1,1,1
100336,24,64.1,24.1,0,2,1
100337,25,78.0,24.1,1,6,1
100338,20,84.8,23.8,2,3,1
100339,19,76.6,19.4,0,1,1
100340,25,73.1,30.0,1,2,1
100341,23,72.1,23.9,0,2,1
100342,20,71.3,28.0,1,3,1
100343,22,65.1,23.3,0,5,1
100344,22,66.6,23.2,1,1,1
100345,25,89.8,22.7,0,1,1
100346,20,70.7,17.3,2,2,1
100347,25,62.6,24.2,0,3,1
100348,25,65.8,23.0,1,0,1
100349,19,85.2,30.0,1,1,1
100350,19,80.1,19.0,2,2,1
100351,22,78.7,22.1,0,2,0
100352,18,68.9,20.5,0,5,1
100353,20,78.9,30.0,0,0,1
100354,21,64.3,20.7,2,3,1
100355,25,68.9,27.8,0,3,1
100356,25,83.6,29.9,2,2,1
100357,19,82.5,24.3,2,1,1
100358,25,60.2,18.1,1,2,1
100359,18,61.7,18.2,0,1,0
100360,23,73.3,29.3,1,3,1
100361,24,92.7,18.7,2,2,1
100362,25,49.0,27.0,1,1,0
100363,19,75.3,25.6,0,4,1
100364,25,55.5,26.9,1,2,0
100365,18,64.4,27.4,1,1,1
100366,22,67.6,20.3,2,2,1
100367,21,67.0,20.1,2,3,0
100368,20,65.6,28.6,1,3,1
100369,18,72.1,21.9,0,1,1
100370,24,65.6,11.2,1,6,1
100371,20,54.5,28.2,2,3,1
100372,23,81.4,19.8,0,2,0
100373,21,81.0,27.3,0,1,0
100374,20,82.1,30.0,0,4,1
100375,25,53.5,25.1,1,1,0
100376,18,75.6,30.0,2,3,1
100377,23,80.1,25.8,0,3,1
100378,23,59.6,30.0,0,5,1
100379,21,72.1,19.7,2,4,1
100380,20,70.6,25.0,2,3,1
100381,18,94.1,28.4,1,1,1
100382,25,95.1,24.0,1,2,1
100383,25,52.0,30.0,0,1,1
100384,19,100.0,22.8,0,0,0
100385,18,61.0,30.0,2,4,0
100386,18,83.8,30.0,1,4,1
100387,18,83.6,26.4,0,1,1
100388,24,60.1,27.8,1,3,1
100389,25,77.9,30.0,2,2,1
100390,19,70.7,19.1,4,2,1
100391,23,78.7,18.4,0,1,0
100392,19,74.8,30.0,1,3,1
100393,20,86.4,26.4,2,3,1
100394,22,72.9,23.9,0,0,1
100395,23,70.0,25.1,2,3,1
100396,24,85.2,13.1,0,2,1
100397,18,79.0,24.0,3,1,1
100398,19,80.8,21.2,3,4,1
100399,20,64.0,29.6,1,4,1
100400,20,59.5,30.0,2,3,1
100401,25,65.2,27.9,3,0,1
100402,24,64.6,27.0,1,3,1
100403,20,81.4,17.5,2,2,1
100404,25,83.7,28.0,2,3,1
100405,21,70.1,28.1,1,2,1
100406,22,89.2,30.0,2,4,1
100407,21,88.4,30.0,1,2,1
100408,19,74.9,16.5,0,4,1
100409,25,62.1,23.1,1,1,0
100410,18,90.9,21.3,2,3,1
100411,19,71.3,25.9,2,5,1
100412,19,73.5,25.1,2,1,1
100413,20,67.9,23.8,0,0,1
100414,19,61.3,30.0,1,2,1
100415,18,54.4,19.5,2,1,1
100416,23,79.6,19.8,2,8,1
100417,25,62.6,19.9,2,2,1
100418,18,100.0,23.2,2,7,1
100419,20,59.0,18.9,2,0,1
100420,22,56.9,24.8,1,4,1
100421,25,78.1,24.2,0,5,1
100422,23,90.4,21.1,0,1,0
100423,24,72.8,29.4,1,0,1
100424,22,78.9,24.7,0,1,1
100425,21,49.9,30.0,1,3,1
100426,19,63.9,24.0,0,2,0
100427,24,59.1,24.9,0,6,1
100428,24,49.3,22.2,3,2,1
100429,18,73.4,25.0,2,2,1
100430,23,45.1,28.6,0,3,1
100431,18,56.1,22.9,1,4,1
100432,23,65.6,27.6,0,7,1
100433,24,62.0,20.9,2,4,1
100434,19,76.8,28.8,0,0,1
100435,21,75.7,22.1,3,2,1
100436,18,82.7,29.3,1,2,1
100437,22,81.0,25.3,3,2,1
100438,25,85.7,30.0,2,4,1
100439,18,72.0,19.2,0,2,1
100440,21,75.6,17.6,2,2,1
100441,25,78.1,21.9,1,5,1
100442,20,73.7,18.1,0,2,1
100443,19,67.2,18.1,0,1,0
100444,21,68.0,28.1,0,1,1
100445,22,62.2,25.0,0,3,1
100446,23,77.1,22.6,1,2,1
100447,20,70.9,23.1,0,0,1
100448,25,64.0,22.0,1,6,1
100449,22,64.1,30.0,1,2,1
100450,20,57.5,21.3,0,3,1
100451,25,83.7,18.4,1,3,1
100452,25,72.9,29.0,0,3,1
100453,21,61.6,23.9,0,8,1
100454,18,81.7,30.0,1,3,1
100455,22,65.3,22.4,1,3,1
100456,22,55.1,29.2,0,2,1
100457,19,84.3,30.0,1,0,1
100458,23,65.6,22.4,0,2,1
100459,24,67.1,21.3,1,4,1
100460,18,72.5,28.7,1,1,1
100461,23,85.7,27.9,2,1,1
100462,19,72.2,17.9,0,2,1
100463,23,57.6,19.4,2,4,1
100464,21,78.5,12.3,1,1,1
100465,18,66.2,28.0,1,0,0
100466,25,94.7,23.7,1,2,1
100467,19,72.0,24.2,1,2,1
100468,22,45.2,16.5,4,4,1
100469,19,76.3,19.5,1,1,1
100470,25,95.3,22.6,2,3,1
100471,23,90.9,21.6,2,3,1
100472,24,94.0,25.6,2,2,1
100473,21,59.8,27.9,3,1,0
100474,21,82.9,30.0,2,1,1
100475,23,63.3,24.9,3,1,1
100476,24,74.7,30.0,2,1,0
100477,24,56.7,20.9,1,0,1
100478,18,64.3,16.6,0,2,1
100479,23,63.9,23.2,3,5,1
100480,18,82.8,17.0,1,0,1
100481,20,81.6,25.1,1,0,0
100482,24,75.3,21.1,1,2,1
100483,20,55.8,15.2,2,6,1
100484,24,68.3,30.0,1,5,1
100485,21,63.0,22.3,2,2,1
100486,19,82.4,16.8,2,3,1
100487,20,86.1,29.5,2,1,1
100488,22,84.7,21.4,1,3,1
100489,24,62.9,30.0,2,0,0
100490,22,39.1,21.3,3,3,1
100491,25,50.8,22.3,0,1,0
100492,24,89.1,26.7,1,0,1
100493,24,67.2,28.0,1,2,1
100494,22,63.0,28.8,1,3,1
100495,20,91.7,24.6,1,2,1
100496,21,87.2,27.6,1,1,1
100497,18,72.3,28.7,1,3,1
100498,20,68.5,26.0,1,1,1
100499,25,70.4,24.3,2,2,1
100500,21,74.7,17.8,0,4,1
100501,18,91.2,28.0,1,0,1
100502,23,77.1,25.2,1,2,1
100503,25,80.7,22.9,3,2,1
100504,24,86.0,30.0,3,0,1
100505,20,58.0,17.9,3,1,1
100506,21,81.1,30.0,1,2,1
100507,22,68.5,24.9,1,2,1
100508,19,41.8,26.6,1,4,1
100509,20,46.5,23.0,0,2,0
100510,19,59.8,16.7,0,1,0
100511,25,78.4,24.3,0,1,1
100512,23,73.4,26.7,2,2,1
100513,24,74.2,28.4,2,4,1
100514,24,95.4,24.0,1,1,1
100515,25,56.8,14.0,0,4,1
100516,18,71.7,17.3,2,4,0
100517,25,75.7,30.0,1,8,1
100518,18,63.2,19.5,1,3,1
100519,21,72.3,30.0,1,2,1
100520,22,52.8,20.3,1,1,1
100521,20,88.9,24.1,0,2,0
100522,19,63.8,28.1,1,3,1
100523,19,96.4,20.9,2,5,1
100524,24,71.6,30.0,2,3,1
100525,20,84.3,25.4,2,4,1
100526,20,71.4,27.3,0,4,1
100527,25,71.6,23.7,0,3,1
100528,19,65.0,28.3,2,3,1
100529,25,73.4,30.0,2,8,1
100530,25,75.8,24.3,3,2,1
100531,22,62.6,30.0,0,4,1
100532,19,70.5,21.9,0,2,1
100533,19,64.7,28.8,1,0,0
100534,20,99.6,27.4,1,2,1
100535,22,70.9,19.7,1,5,1
100536,19,90.5,26.1,1,3,1
100537,21,69.7,25.0,3,5,1
100538,18,75.1,20.7,4,1,0
100539,22,56.1,26.8,1,1,0
100540,18,66.6,25.7,1,1,1
100541,23,74.5,24.6,1,0,1
100542,18,91.0,24.7,2,3,1
100543,19,74.7,24.5,0,3,1
100544,19,88.6,23.2,2,2,1
100545,24,79.7,25.7,1,4,1
100546,18,91.5,21.8,1,1,1
100547,21,71.3,30.0,1,4,1
100548,22,100.0,18.0,2,2,1
100549,22,66.2,22.1,1,3,0
100550,23,62.8,22.5,3,1,0
100551,24,57.5,30.0,3,1,1
100552,21,100.0,18.4,1,1,1
100553,24,81.8,27.1,2,4,1
100554,20,68.0,26.2,1,1,0
100555,25,87.0,26.7,2,2,1
100556,22,80.3,30.0,1,2,1
100557,23,95.6,30.0,2,1,1
100558,25,53.4,22.7,1,2,1
100559,24,68.8,26.0,0,2,1
100560,24,66.4,15.7,2,2,1
100561,22,48.3,25.5,4,4,1
100562,18,84.7,21.0,3,0,0
100563,21,68.8,24.1,1,4,1
100564,19,80.9,16.6,0,2,1
100565,25,100.0,27.0,1,2,1
100566,19,67.8,16.5,4,2,1
100567,19,66.9,25.7,1,5,1
100568,19,73.4,18.9,2,4,1
100569,23,83.8,20.8,0,6,1
100570,22,65.2,30.0,1,4,1
100571,25,64.4,27.9,1,0,0
100572,21,84.7,30.0,4,3,1
100573,20,76.5,30.0,3,2,1
100574,18,47.5,21.1,0,5,0
100575,18,57.3,30.0,2,1,1
100576,20,90.0,17.7,1,6,1
100577,25,76.8,28.7,1,4,1
100578,22,62.9,22.5,1,4,1
100579,25,70.0,20.3,0,2,0
100580,18,72.2,28.1,1,3,1
100581,18,80.8,29.7,1,4,1
100582,24,55.7,29.6,2,1,1
100583,18,61.9,26.1,0,2,1
100584,18,75.3,25.7,6,3,1
100585,21,70.8,27.6,3,6,1
100586,25,78.9,26.5,1,3,1
100587,23,57.2,27.7,2,2,0
100588,18,76.3,26.0,0,3,1
100589,24,85.1,29.2,1,3,1
100590,24,77.8,16.9,1,1,0
100591,24,73.7,24.3,2,7,1
100592,25,70.8,18.1,1,2,1
100593,19,62.0,26.4,1,1,1
100594,25,71.1,30.0,1,4,1
100595,20,87.1,22.6,2,1,1
100596,24,70.6,25.6,1,5,1
100597,22,61.3,28.8,3,1,1
100598,24,66.1,14.7,1,2,1
100599,23,74.4,22.4,3,4,1
100600,23,67.5,26.8,1,0,0
100601,22,77.8,10.5,3,2,1
100602,24,78.3,20.1,1,1,0
100603,23,82.7,30.0,0,1,1
100604,19,89.1,30.0,0,3,1
100605,24,84.0,26.9,0,4,1
100606,22,60.8,29.4,0,1,1
100607,20,61.2,26.1,1,2,0
100608,22,71.1,27.8,1,2,1
100609,25,66.6,23.4,4,4,1
100610,24,58.3,25.6,2,3,1
100611,24,66.7,21.8,1,1,0
100612,21,66.3,30.0,0,5,1
100613,24,63.9,30.0,1,3,1
100614,21,68.2,30.0,1,1,1
100615,23,86.1,23.0,0,1,1
100616,23,74.4,20.2,1,8,1
100617,19,100.0,30.0,1,4,1
100618,20,74.0,27.7,0,3,1
100619,18,68.5,26.6,0,2,1
100620,19,72.0,21.8,1,1,1
100621,21,75.1,27.1,1,2,1
100622,21,77.2,19.6,2,3,1
100623,19,96.9,28.2,2,2,1
100624,21,61.9,30.0,2,5,1
100625,22,82.3,30.0,0,3,1
100626,19,74.5,28.5,3,2,1
100627,20,53.1,18.1,1,1,1
100628,20,81.2,26.0,1,1,1
100629,22,87.2,30.0,2,2,1
100630,20,61.7,20.7,0,1,0
100631,23,71.9,24.7,1,3,1
100632,20,51.3,30.0,1,1,1
100633,21,56.9,28.1,1,2,1
100634,21,84.6,30.0,1,2,1
100635,19,66.4,21.3,1,4,1
100636,23,58.7,20.1,2,3,1
100637,19,74.8,30.0,2,2,1
100638,20,65.7,19.0,4,1,1
100639,24,66.4,24.0,1,3,1
100640,25,80.9,24.7,1,3,1
100641,23,58.1,30.0,2,1,1
100642,25,61.1,28.1,2,2,0
100643,24,73.8,27.3,2,3,1
100644,21,83.6,23.0,2,3,1
100645,24,86.9,30.0,2,2,1
100646,20,64.0,30.0,2,2,1
100647,21,83.2,28.5,3,2,0
100648,22,62.6,25.5,3,1,1
100649,25,93.9,18.5,1,2,1
100650,24,58.4,21.8,3,6,1
100651,21,87.9,23.9,0,1,1
100652,23,64.1,22.3,2,0,0
100653,19,96.2,24.9,1,3,1
100654,24,79.1,30.0,2,2,1
100655,22,59.8,30.0,2,2,1
100656,22,65.7,24.2,1,3,1
100657,24,81.4,19.0,0,2,1
100658,23,84.6,30.0,1,5,1
100659,18,71.2,24.8,2,2,1
100660,20,72.5,16.4,5,1,1
100661,19,81.1,28.6,1,1,1
100662,23,73.6,30.0,2,4,1
100663,18,56.5,12.9,3,1,1
100664,19,62.2,20.9,2,3,1
100665,22,74.8,24.4,0,1,0
100666,23,86.6,28.7,2,0,1
100667,22,91.4,22.4,0,1,1
100668,24,81.4,20.8,1,1,1
100669,25,75.4,28.6,3,2,1
100670,19,81.0,22.7,1,3,1
100671,25,64.0,27.7,4,2,1
100672,22,70.2,19.4,1,1,0
100673,23,62.1,18.2,2,1,0
100674,18,57.0,28.8,1,7,1
100675,22,76.0,26.3,0,4,1
100676,23,74.2,29.6,2,4,1
100677,22,80.3,22.3,1,2,1
100678,18,78.6,21.0,0,1,1
100679,22,74.9,30.0,0,1,0
100680,25,78.7,17.4,1,4,1
100681,23,71.5,30.0,1,2,1
100682,19,77.0,30.0,1,5,1
100683,25,63.3,29.3,0,1,1
100684,25,76.4,21.6,2,2,1
100685,19,80.0,20.9,1,4,1
100686,24,64.0,23.9,2,3,0
100687,21,72.6,18.5,1,5,0
100688,22,64.5,20.2,2,2,0
100689,21,65.7,28.2,0,2,1
100690,24,58.5,28.2,0,0,1
100691,25,87.2,19.8,4,2,1
100692,24,84.8,28.4,5,3,1
100693,25,78.4,27.3,2,2,1
100694,25,95.7,30.0,1,5,1
100695,18,69.7,27.8,1,2,1
100696,20,100.0,30.0,2,1,1
100697,23,69.3,27.4,0,1,1
100698,22,75.1,29.9,1,3,1
100699,18,67.2,18.6,1,1,1
100700,18,76.5,24.4,2,4,1
100701,22,82.0,24.8,3,4,1
100702,22,70.6,23.8,1,2,1
100703,19,93.3,27.2,3,5,1
100704,19,74.9,28.2,0,2,1
100705,19,75.2,27.0,2,1,1
100706,22,61.1,24.1,2,2,1
100707,18,77.0,21.3,0,1,1
100708,22,70.4,30.0,0,2,0
100709,21,64.7,26.7,3,2,1
100710,21,62.7,19.9,2,4,1
100711,23,100.0,24.0,2,1,1
100712,22,68.8,16.3,1,1,1
100713,23,54.5,25.2,1,0,0
100714,24,63.6,24.0,1,2,1
100715,25,71.4,22.1,1,4,1
100716,24,78.6,30.0,0,1,0
100717,22,78.7,19.2,1,0,1
100718,21,80.1,28.5,0,3,1
100719,19,64.3,30.0,0,1,1
100720,22,76.1,30.0,0,3,1
100721,19,61.5,24.8,2,2,1
100722,25,64.6,19.3,1,5,1
100723,24,61.0,18.2,1,5,0
100724,18,57.7,22.9,1,4,1
100725,24,84.8,21.6,1,3,1
100726,18,80.3,21.4,3,1,1
100727,23,83.7,23.4,2,1,1
100728,18,72.5,24.5,2,2,1
100729,21,81.3,27.4,1,3,1
100730,23,50.9,18.8,1,3,1
100731,23,82.4,21.6,0,3,1
100732,21,74.1,24.2,2,1,0
100733,25,79.5,24.0,6,2,1
100734,24,76.6,30.0,1,4,1
100735,19,60.2,26.2,0,4,1
100736,23,54.0,16.9,1,6,1
100737,23,63.5,27.1,2,8,1
100738,20,78.8,27.7,1,5,1
100739,23,80.3,24.4,1,5,1
100740,25,55.6,18.9,0,5,1
100741,24,60.2,30.0,2,2,1
100742,24,63.3,19.7,1,2,0
100743,23,67.7,28.3,1,2,1
100744,20,55.7,26.0,2,3,1
100745,24,54.9,28.0,0,5,1
100746,20,62.1,30.0,1,0,1
100747,22,73.0,27.8,0,2,1
100748,20,57.8,22.2,1,3,1
100749,20,70.6,30.0,0,3,1
100750,19,84.7,21.8,4,4,1
100751,25,56.4,25.8,1,0,0
100752,19,69.5,18.5,1,2,1
100753,18,84.3,19.8,0,3,1
100754,25,67.0,25.3,0,3,1
100755,22,65.1,26.8,1,3,1
100756,21,86.0,16.5,3,1,1
100757,23,68.3,27.5,0,3,1
100758,21,85.3,20.9,2,6,1
100759,19,77.1,30.0,1,2,0
100760,23,67.9,23.2,1,0,0
100761,19,77.8,19.4,0,3,1
100762,22,75.8,25.4,1,0,1
100763,25,84.3,20.4,1,2,1
100764,25,65.4,30.0,2,8,1
100765,20,72.5,25.0,1,0,1
100766,24,71.3,24.2,1,5,1
100767,22,80.4,28.0,1,3,1
100768,21,59.7,20.0,1,3,0
100769,19,84.2,18.6,0,6,1
100770,21,77.6,27.0,1,1,1
100771,23,56.2,19.5,2,4,1
100772,25,86.5,19.5,3,3,1
100773,18,98.8,29.2,2,4,1
100774,23,84.0,27.6,0,3,1
100775,24,89.1,18.7,0,3,1
100776,25,73.0,21.9,1,5,1
100777,21,52.1,20.5,2,6,1
100778,18,49.9,30.0,0,1,1
100779,20,75.1,29.5,2,2,1
100780,24,64.9,22.9,0,2,0
100781,25,61.0,27.9,0,1,0
100782,23,71.2,18.2,2,0,1
100783,18,79.4,21.6,0,3,1
100784,18,54.6,25.5,0,5,1
100785,21,66.6,27.3,2,0,1
100786,22,90.1,24.5,1,3,1
100787,18,59.1,26.2,2,2,1
100788,23,82.4,25.4,1,3,1
100789,22,66.2,24.2,2,5,1
100790,18,78.5,23.5,1,2,1
100791,18,85.2,22.9,0,0,0
100792,21,80.9,26.2,4,3,1
100793,23,82.9,27.1,2,1,1
100794,24,58.2,26.0,2,2,0
100795,21,85.4,19.1,3,1,1
100796,20,61.8,20.0,2,7,1
100797,25,75.1,27.0,5,1,1
100798,21,75.1,30.0,2,1,1
100799,20,77.8,25.8,0,0,1
100800,21,76.0,22.9,0,2,1
100801,18,61.9,26.1,1,3,1
100802,20,55.8,19.3,1,6,1
100803,22,82.5,30.0,5,3,1
100804,25,74.2,25.9,0,3,1
100805,23,85.8,21.7,0,2,1
100806,24,71.5,24.2,0,7,1
100807,22,55.1,22.4,1,2,1
100808,18,83.6,30.0,2,1,1
100809,21,67.6,24.0,6,2,1
100810,25,76.1,25.8,0,5,1
100811,18,64.2,27.9,1,2,1
100812,25,91.7,21.3,0,4,1
100813,23,61.5,26.0,0,4,1
100814,20,68.0,26.4,0,2,0
100815,24,73.3,17.2,0,4,1
100816,24,58.9,26.3,0,3,1
100817,18,76.0,24.8,2,2,1
100818,18,91.3,25.6,1,6,1
100819,23,66.1,25.2,1,4,1
100820,25,76.7,26.3,1,1,1
100821,18,39.0,30.0,4,3,1
100822,23,71.5,19.1,1,1,1
100823,19,68.2,23.3,0,2,1
100824,23,62.2,28.3,3,3,1
100825,22,85.0,27.4,0,4,1
100826,18,68.1,27.3,1,3,1
100827,23,69.9,30.0,1,2,0
100828,25,67.5,28.1,0,2,0
100829,24,49.0,30.0,0,2,0
100830,18,58.4,23.5,1,3,1
100831,19,83.5,20.0,2,1,1
100832,19,46.7,23.4,1,4,1
100833,21,62.8,28.6,0,4,1
100834,19,67.2,27.0,1,3,1
100835,24,92.9,27.0,4,3,1
100836,24,81.2,23.9,1,2,1
100837,24,65.3,23.1,0,2,1
100838,19,87.7,24.1,2,1,1
100839,18,63.1,28.6,5,3,1
100840,25,84.1,29.2,3,1,1
100841,20,55.7,20.0,1,1,0
100842,23,84.9,28.8,0,4,1
100843,25,67.1,21.7,1,2,0
100844,18,59.7,27.3,1,0,1
100845,18,69.4,24.0,1,3,1
100846,18,75.3,30.0,3,0,1
100847,19,66.1,22.9,1,2,1
100848,18,78.6,25.9,2,2,1
100849,24,65.0,28.0,1,3,0
100850,22,79.4,20.6,0,0,1
100851,25,77.3,24.6,2,2,1
100852,24,71.3,23.7,2,1,1
100853,25,66.7,22.4,1,2,0
100854,19,73.8,22.8,3,3,1
100855,20,78.6,30.0,0,3,0
100856,24,96.7,22.0,1,2,1
100857,19,83.3,27.8,3,0,1
100858,18,83.7,26.6,0,1,1
100859,23,100.0,18.0,1,3,1
100860,24,78.2,27.6,0,3,1
100861,25,77.8,17.9,0,2,1
100862,25,80.4,28.1,2,3,1
100863,18,59.9,22.5,0,0,0
100864,24,66.7,25.0,2,2,1
100865,24,65.9,18.5,1,1,0
100866,23,79.8,25.6,1,5,1
100867,24,69.9,29.6,1,5,1
100868,24,73.7,21.0,0,2,1
100869,21,85.0,22.0,1,4,1
100870,18,82.4,27.3,1,2,1
100871,21,70.1,27.4,1,1,1
100872,19,64.0,12.8,2,4,1
100873,18,85.6,30.0,4,4,1
100874,18,81.3,27.6,2,4,1
100875,23,52.7,28.5,4,0,1
100876,22,68.2,24.3,1,4,1
100877,22,74.0,15.7,2,1,0
100878,23,81.3,28.4,2,2,1
100879,22,82.9,22.2,3,6,1
100880,23,75.4,27.7,0,1,1
100881,18,79.0,23.9,0,3,1
100882,24,72.8,26.2,1,3,1
100883,21,63.9,21.1,2,2,1
100884,19,68.9,29.3,2,5,1
100885,24,72.2,19.1,1,1,1
100886,23,71.6,30.0,2,4,1
100887,18,49.4,30.0,1,1,0
100888,19,67.2,30.0,0,4,1
100889,18,72.7,30.0,2,3,1
100890,20,68.6,24.6,2,1,1
100891,18,69.0,30.0,3,5,1
100892,23,77.9,24.5,0,2,1
100893,22,59.1,17.2,2,3,1
100894,25,52.5,30.0,2,1,1
100895,23,67.8,30.0,2,5,1
100896,22,81.2,24.8,4,5,1
100897,22,92.3,18.9,3,1,1
100898,18,81.4,22.1,0,2,1
100899,18,54.4,15.9,2,0,1
100900,22,69.2,29.7,1,4,1
100901,18,75.1,17.0,1,4,1
100902,18,74.1,26.4,1,1,1
100903,19,78.5,20.8,1,3,1
100904,25,61.0,17.9,0,1,0
100905,21,72.8,26.2,0,0,1
100906,23,77.0,23.3,1,3,1
100907,21,81.9,29.2,1,1,1
100908,19,62.3,18.7,1,3,1
100909,20,67.9,21.2,2,8,1
100910,18,39.6,13.1,1,2,1
100911,24,64.5,14.1,1,5,1
100912,19,65.7,30.0,1,2,1
100913,21,59.8,30.0,2,3,1
100914,25,74.0,25.5,1,3,1
100915,22,71.3,20.9,3,5,1
100916,21,44.9,23.5,3,2,1
100917,22,74.6,29.4,2,0,1
100918,24,60.9,22.4,1,0,0
100919,20,77.8,26.2,2,7,1
100920,23,56.6,24.9,1,3,1
100921,24,72.4,22.2,0,5,1
100922,22,68.6,22.4,2,4,1
100923,21,75.6,26.5,0,2,1
100924,19,73.5,20.1,1,3,1
100925,19,68.9,27.3,1,0,1
100926,25,53.6,22.6,1,4,0
100927,22,54.3,25.6,0,5,1
100928,20,65.0,30.0,3,1,0
100929,21,71.9,24.2,1,3,1
100930,22,64.7,29.6,1,1,1
100931,22,79.5,16.0,3,4,1
100932,23,68.6,22.6,0,3,1
100933,20,60.4,25.1,2,5,1
100934,23,68.7,30.0,2,2,1
100935,21,74.7,15.2,2,3,1
100936,25,75.9,24.5,1,3,1
100937,19,94.5,30.0,0,2,0
100938,19,64.0,21.1,0,1,0
100939,21,71.1,23.9,1,2,1
100940,22,77.1,26.7,1,5,1
100941,23,71.7,25.9,0,5,1
100942,21,66.0,30.0,0,3,1
100943,25,53.4,27.2,1,2,0
100944,21,65.9,30.0,0,1,1
100945,19,59.1,23.2,3,2,1
100946,18,51.3,21.3,3,4,1
100947,25,62.5,23.9,0,0,0
100948,19,59.4,19.2,1,2,1
100949,25,79.0,27.4,1,1,0
100950,20,79.2,23.1,0,2,0
100951,18,61.2,21.6,0,0,0
100952,20,68.9,27.5,0,3,1
100953,22,49.7,19.3,1,4,1
100954,21,66.1,28.9,1,3,1
100955,24,76.8,22.6,3,3,1
100956,22,81.9,30.0,1,4,1
100957,21,63.4,23.0,2,2,1
100958,23,84.6,28.2,1,1,0
100959,25,53.8,25.9,1,3,1
100960,21,57.0,28.7,0,4,1
100961,19,80.5,25.5,3,3,1
100962,21,92.1,16.7,3,3,1
100963,24,77.9,30.0,0,1,1
100964,19,71.5,24.6,3,1,1
100965,25,45.7,28.9,0,1,1
100966,22,47.7,28.5,0,3,1
100967,22,73.6,21.1,2,2,1
100968,20,67.7,20.4,0,3,1
100969,25,58.7,28.3,1,2,1
100970,18,72.8,23.5,2,2,1
100971,20,73.4,29.7,1,0,1
100972,21,83.3,24.1,0,5,1
100973,21,73.6,30.0,1,5,1
100974,21,86.7,27.1,1,2,1
100975,19,72.1,26.4,0,2,1
100976,19,70.6,23.1,1,0,1
100977,18,84.8,26.2,2,1,1
100978,22,60.3,30.0,1,1,1
100979,20,100.0,24.7,0,2,1
100980,22,76.5,27.7,0,1,1
100981,22,76.6,25.2,2,1,1
100982,23,78.3,25.6,1,3,1
100983,22,94.5,30.0,0,1,1
100984,23,81.5,30.0,0,4,1
100985,22,52.7,25.4,1,2,1
100986,23,88.8,26.1,1,4,1
100987,22,67.9,21.5,1,4,1
100988,20,73.3,24.1,1,1,1
100989,19,56.6,26.5,3,2,1
100990,24,78.3,29.3,2,1,1
100991,20,64.2,28.7,2,1,1
100992,22,73.2,19.5,2,5,1
100993,19,68.6,29.9,1,4,1
100994,21,95.1,24.6,1,3,1
100995,22,95.8,20.1,1,4,1
100996,23,72.6,30.0,0,5,1
100997,22,72.8,30.0,0,1,1
100998,20,67.5,26.3,0,8,1
100999,25,85.3,28.5,0,3,1
101000,22,68.1,28.8,3,5,1
101001,24,66.9,30.0,1,2,0
101002,23,83.7,28.6,3,8,1
101003,22,65.5,18.4,1,0,0
101004,25,71.5,30.0,1,3,1
101005,19,53.0,30.0,3,4,1
101006,25,80.5,22.5,5,4,1
101007,24,95.3,19.9,1,3,1
101008,22,80.7,27.5,2,2,1
101009,23,89.5,23.6,0,2,1
101010,22,61.8,26.6,1,5,1
101011,20,74.8,28.7,2,3,1
101012,24,60.7,22.2,1,1,1
101013,19,69.3,19.4,1,3,1
101014,20,81.3,26.9,1,5,1
101015,22,73.2,22.3,1,1,1
101016,24,55.0,25.7,1,2,1
101017,21,56.2,18.3,1,3,1
101018,21,55.4,23.7,0,3,1
101019,18,77.9,28.6,1,4,1
101020,18,96.8,28.0,3,2,1
101021,18,88.3,21.1,1,1,1
101022,18,49.2,19.2,1,3,1
101023,24,89.1,25.1,4,3,1
101024,24,83.2,27.8,0,4,1
101025,24,53.5,27.0,2,5,1
101026,18,68.4,22.4,2,1,1
101027,18,85.1,26.5,0,3,1
101028,20,78.6,30.0,1,0,1
101029,22,56.3,26.0,1,0,0
101030,20,79.3,16.8,2,2,0
101031,21,46.3,26.0,1,0,0
101032,19,69.3,30.0,1,2,1
101033,23,85.7,18.6,1,2,1
101034,20,72.2,25.1,1,1,1
101035,18,66.0,23.9,4,2,1
101036,23,82.7,25.5,5,1,1
101037,25,83.7,26.0,0,3,1
101038,18,87.7,30.0,2,3,1
101039,21,82.5,25.4,2,3,1
101040,24,85.0,30.0,1,4,1
101041,23,80.8,24.4,1,6,1
101042,24,75.2,23.2,1,4,1
101043,21,73.1,21.7,2,1,1
101044,20,69.2,15.9,2,5,1
101045,23,57.5,26.4,0,0,0
101046,19,60.5,30.0,1,5,1
101047,19,68.6,27.3,1,2,1
101048,22,74.9,28.4,1,1,1
101049,23,89.3,22.9,0,2,1
101050,18,71.5,23.8,1,2,1
101051,22,84.0,29.9,1,4,1
101052,20,85.0,30.0,1,3,0
101053,22,69.2,30.0,4,1,1
101054,25,79.1,29.0,1,3,1
101055,18,69.1,25.2,1,2,1
101056,25,87.9,26.0,1,2,1
101057,21,79.6,21.2,1,3,1
101058,24,57.7,17.8,1,2,1
101059,21,73.9,19.4,2,2,1
101060,20,91.8,25.2,3,2,1
101061,24,69.8,23.5,1,3,1
101062,23,77.4,17.7,2,5,1
101063,19,78.6,24.8,0,3,1
101064,23,59.6,23.4,1,3,1
101065,24,78.1,19.1,2,3,1
101066,21,55.3,23.1,1,4,1
101067,25,64.5,23.4,0,4,1
101068,23,84.9,21.9,2,1,0
101069,20,76.3,29.6,2,1,1
101070,18,68.3,15.5,1,1,1
101071,23,77.4,15.1,0,1,1
101072,19,71.3,25.0,2,1,1
101073,24,72.2,25.5,1,1,1
101074,22,79.9,27.0,1,0,0
101075,21,63.3,22.3,0,3,0
101076,19,72.5,20.4,2,1,1
101077,23,68.3,25.0,1,3,1
101078,19,53.0,22.8,2,2,1
101079,21,61.0,30.0,2,4,1
101080,24,90.8,23.4,1,1,0
101081,25,76.6,24.7,0,7,1
101082,25,56.1,30.0,0,5,1
101083,25,53.5,24.0,0,3,0
101084,22,70.7,27.8,1,4,1
101085,19,90.7,28.2,1,4,1
101086,24,69.8,28.7,0,3,1
101087,24,87.7,26.4,1,3,1
101088,25,76.2,26.0,1,4,1
101089,23,77.7,25.5,1,0,1
101090,19,56.0,22.1,1,2,1
101091,22,83.3,26.6,1,3,1
101092,21,68.0,30.0,0,4,1
101093,24,82.4,30.0,1,4,1
101094,21,62.2,26.5,2,5,1
101095,20,74.1,29.3,2,3,1
101096,18,76.2,20.7,0,3,1
101097,24,70.2,23.7,1,6,1
101098,24,76.9,29.7,0,3,1
101099,18,68.8,30.0,0,2,0
101100,21,64.2,21.1,1,3,0
101101,21,91.3,22.6,1,3,1
101102,21,84.6,30.0,2,6,1
101103,25,62.9,25.5,0,1,0
101104,19,78.8,30.0,1,3,1
101105,20,63.1,26.0,1,1,0
101106,19,57.8,26.2,1,3,1
101107,19,84.4,23.5,3,2,1
101108,25,51.6,29.7,2,4,1
101109,25,83.1,30.0,2,5,1
101110,18,69.0,19.8,1,1,0
101111,23,69.5,23.2,1,2,1
101112,19,76.9,29.6,1,1,1
101113,19,79.0,24.4,2,3,1
101114,20,62.1,22.5,1,2,0
101115,19,80.6,30.0,1,1,1
101116,21,73.4,30.0,0,3,1
101117,25,56.9,22.8,3,1,1
101118,22,70.0,26.1,1,3,1
101119,23,88.6,19.0,3,4,1
101120,21,92.1,20.5,0,3,1
101121,18,80.6,25.6,2,3,1
101122,18,57.7,25.2,4,4,1
101123,20,77.9,20.2,1,2,1
101124,19,82.2,21.4,1,1,1
101125,24,80.7,19.7,1,1,1
101126,24,81.4,27.3,0,4,1
101127,24,76.4,15.2,0,2,1
101128,23,71.1,19.9,1,2,1
101129,22,64.7,15.7,0,6,1
101130,23,49.2,27.1,0,3,1
101131,21,76.1,16.0,1,6,1
101132,23,74.2,25.2,1,5,1
101133,24,78.7,30.0,0,0,1
101134,24,55.9,30.0,0,3,1
101135,22,79.7,16.0,1,0,1
101136,18,96.7,26.5,0,2,1
101137,23,72.9,20.1,0,2,1
101138,20,71.3,19.0,1,4,1
101139,23,75.7,24.4,0,0,1
101140,22,96.4,30.0,3,3,1
101141,25,59.7,28.0,4,3,1
101142,20,74.4,21.4,2,3,1
101143,25,62.4,28.5,0,2,1
101144,24,65.4,13.8,1,1,1
101145,20,71.4,21.2,2,1,1
101146,21,88.2,20.9,0,3,1
101147,22,93.6,25.4,3,3,1
101148,24,77.4,24.0,0,2,0
101149,23,67.5,24.3,0,4,1
101150,24,100.0,24.1,0,3,1
101151,20,66.9,25.1,1,4,1
101152,22,65.1,27.7,0,2,1
101153,21,50.7,25.7,1,1,1
101154,25,88.8,23.6,0,4,1
101155,20,83.6,27.0,1,1,1
101156,22,100.0,29.1,2,2,1
101157,18,55.3,22.2,2,2,1
101158,24,89.5,24.7,2,2,1
101159,21,72.8,30.0,1,1,0
101160,20,81.7,19.5,1,2,1
101161,22,52.2,30.0,2,1,0
101162,21,89.6,18.3,0,1,1
101163,24,81.4,23.3,1,4,1
101164,22,71.5,20.2,0,3,1
101165,22,79.7,30.0,0,2,1
101166,18,62.8,22.5,1,1,1
101167,18,65.0,22.5,2,1,0
101168,21,66.4,23.1,1,3,0
101169,25,49.8,25.5,0,0,0
101170,25,82.3,23.4,1,1,1
101171,23,86.3,24.3,2,1,1
101172,23,63.6,10.0,2,3,1
101173,21,76.2,25.3,2,6,1
101174,19,68.8,25.1,1,6,1
101175,18,75.9,30.0,0,4,1
101176,20,64.5,30.0,0,3,1
101177,20,61.4,24.1,3,1,0
101178,19,84.6,29.1,1,4,1
101179,20,71.2,19.5,1,5,1
101180,18,96.3,28.8,0,2,1
101181,22,72.6,22.1,2,4,1
101182,25,60.9,19.1,4,0,1
101183,23,86.7,24.1,0,3,1
101184,21,79.6,30.0,0,1,1
101185,21,80.7,25.9,1,2,0
101186,20,86.3,30.0,2,3,1
101187,19,64.2,21.3,2,2,1
101188,22,70.5,30.0,2,2,0
101189,22,69.9,21.7,0,3,1
101190,18,56.5,26.1,2,2,0
101191,21,68.8,26.1,1,2,1
101192,20,88.0,28.3,0,3,1
101193,19,74.8,26.3,1,1,1
101194,23,55.8,21.3,1,1,0
101195,22,53.3,29.4,2,3,1
101196,23,92.0,30.0,2,2,1
101197,23,70.9,22.1,1,3,1
101198,25,64.2,15.8,0,6,1
101199,24,68.7,27.5,1,3,1
101200,22,54.3,23.3,3,5,1
101201,25,89.1,24.3,0,3,1
101202,21,67.3,27.8,1,3,0
101203,25,88.4,22.7,4,2,1
101204,24,72.6,23.7,0,2,1
101205,23,89.2,24.5,2,5,1
101206,25,75.1,30.0,0,1,1
101207,22,82.2,25.2,1,2,1
101208,23,80.6,18.8,1,2,0
101209,20,79.5,19.0,1,0,0
101210,25,76.2,25.7,2,2,1
101211,22,69.2,19.4,5,0,0
101212,24,95.0,17.2,1,4,1
101213,21,61.1,28.2,2,1,1
101214,24,72.1,28.4,1,0,1
101215,18,72.2,23.2,1,3,1
101216,18,76.8,26.5,2,2,1
101217,22,66.8,25.9,2,4,1
101218,23,75.8,28.0,1,2,1
101219,24,70.0,28.0,1,1,1
101220,21,53.0,12.0,0,1,0
101221,23,72.1,23.8,2,0,0
101222,22,58.8,27.6,1,3,1
101223,25,51.2,22.9,2,4,1
101224,23,73.6,25.2,0,2,1
101225,21,77.9,28.8,1,2,1
101226,25,78.3,25.4,1,1,1
101227,18,78.8,30.0,0,3,1
101228,25,48.8,30.0,0,2,1
101229,19,55.7,24.4,0,0,0
101230,20,95.7,24.0,1,3,1
101231,24,59.4,10.7,2,0,0
101232,23,79.3,23.4,1,0,1
101233,25,63.8,18.2,0,2,1
101234,23,73.0,26.1,0,3,1
101235,23,64.4,25.8,0,3,1
101236,20,78.7,28.5,0,4,1
101237,18,73.6,30.0,1,3,1
101238,18,66.6,24.9,0,4,1
101239,20,59.4,30.0,1,1,1
101240,18,75.2,26.2,1,0,1
101241,22,57.4,18.4,2,6,1
101242,24,77.1,22.2,2,0,0
101243,25,100.0,23.1,2,3,1
101244,21,88.2,28.0,1,4,1
101245,25,80.6,20.3,2,3,1
101246,25,71.0,23.5,1,3,1
101247,24,48.7,24.2,3,3,0
101248,21,56.1,22.8,1,6,1
101249,20,87.4,29.1,2,1,1
101250,25,62.5,28.2,0,2,1
101251,19,63.6,30.0,0,4,1
101252,21,70.0,23.3,2,2,1
101253,18,59.3,30.0,1,4,1
101254,24,57.3,18.2,1,1,1
101255,23,71.4,18.1,0,2,1
101256,18,61.3,18.9,2,1,1
101257,19,63.1,25.0,2,1,0
101258,22,62.6,30.0,2,0,0
101259,22,78.3,22.0,2,4,1
101260,24,69.2,22.6,1,7,1
101261,20,69.9,23.9,2,0,1
101262,25,79.2,27.9,1,1,1
101263,21,70.3,22.6,2,2,1
101264,24,68.7,22.3,1,3,1
101265,19,77.6,18.3,3,0,1
101266,18,80.0,22.1,2,4,1
101267,18,70.2,30.0,2,4,1
101268,20,73.0,25.5,0,1,0
101269,25,62.6,21.3,1,4,1
101270,18,61.7,30.0,3,3,1
101271,20,81.2,22.1,3,2,1
101272,18,77.3,30.0,0,3,1
101273,25,77.5,30.0,0,2,1
101274,23,75.4,25.3,1,6,1
101275,24,72.6,17.5,2,1,0
101276,23,80.4,30.0,1,6,1
101277,23,83.2,26.9,1,5,1
101278,24,82.9,23.4,0,1,1
101279,18,70.8,29.8,0,2,1
101280,24,88.6,28.5,1,3,1
101281,23,74.7,30.0,2,1,1
101282,23,79.6,21.7,0,0,0
101283,21,75.4,26.6,0,0,0
101284,24,75.0,19.1,2,3,1
101285,21,63.2,28.3,1,1,1
101286,18,80.4,24.9,1,5,1
101287,25,100.0,26.4,0,4,1
101288,19,67.5,24.3,1,2,1
101289,18,72.9,23.7,1,2,0
101290,22,66.6,20.7,0,4,1
101291,19,66.1,29.0,1,1,1
101292,24,90.5,30.0,1,3,1
101293,21,63.9,22.2,0,4,1
101294,18,66.3,27.8,1,4,1
101295,25,53.0,27.2,1,3,0
101296,22,62.9,25.0,1,6,1
101297,20,51.5,17.4,0,2,1
101298,23,79.6,18.5,3,2,1
101299,22,100.0,21.1,0,3,1
101300,18,67.6,14.3,1,2,0
101301,24,52.0,30.0,1,4,1
101302,21,82.8,26.8,1,3,1
101303,23,63.3,24.9,1,2,1
101304,25,87.6,14.0,2,6,1
101305,22,68.6,15.9,2,1,0
101306,23,64.4,25.0,4,3,1
101307,20,69.9,30.0,1,1,1
101308,19,81.1,21.5,0,1,0
101309,21,69.3,29.3,1,2,1
101310,24,66.0,22.6,0,3,1
101311,22,69.6,25.3,1,0,1
101312,20,56.7,30.0,2,2,1
101313,24,76.8,23.3,0,3,1
101314,24,50.6,21.5,3,3,1
101315,25,66.7,30.0,0,3,1
101316,20,81.1,25.2,1,4,1
101317,23,75.6,30.0,4,1,1
101318,22,79.1,21.6,2,2,1
101319,21,71.2,30.0,3,4,1
101320,21,86.0,26.4,1,1,1
101321,18,83.1,27.2,0,3,1
101322,20,77.4,25.7,2,2,0
101323,22,83.1,22.5,0,2,1
101324,25,81.0,25.0,1,2,1
101325,24,66.7,22.8,3,2,1
101326,19,55.9,29.8,0,2,1
101327,23,77.0,24.0,1,5,1
101328,18,78.6,17.5,0,2,1
101329,23,85.1,16.6,1,2,1
101330,20,60.8,16.4,0,1,0
101331,21,61.1,28.1,1,1,1
101332,23,77.5,19.2,0,5,1
101333,21,71.1,26.5,3,2,1
101334,24,49.4,25.7,1,1,0
101335,22,76.5,24.7,1,3,1
101336,25,49.8,27.2,2,5,1
101337,23,60.7,25.8,2,2,1
101338,20,88.2,11.5,2,1,1
101339,24,93.9,23.4,0,6,1
101340,21,57.4,27.1,2,1,0
101341,22,68.0,30.0,2,3,1
101342,19,72.5,30.0,0,2,1
101343,18,93.4,18.2,2,4,1
101344,22,66.1,23.3,1,4,1
101345,19,66.3,17.2,3,1,1
101346,25,90.6,30.0,1,3,1
101347,24,67.5,30.0,3,6,1
101348,23,80.7,26.8,0,3,1
101349,23,54.3,25.8,3,1,1
101350,22,69.9,30.0,1,2,1
101351,18,52.1,30.0,1,3,1
101352,21,59.3,30.0,2,2,1
101353,21,82.1,27.3,0,2,1
101354,25,71.4,23.3,0,3,1
101355,19,68.2,28.8,2,3,1
101356,21,63.0,29.1,1,1,1
101357,20,69.4,24.0,2,2,1
101358,19,75.6,23.2,1,3,1
101359,18,83.8,30.0,0,4,1
101360,20,40.5,30.0,0,2,1
101361,18,62.0,21.3,1,0,0
101362,18,73.9,23.7,0,4,0
101363,20,70.8,26.8,2,2,1
101364,19,76.8,27.4,1,3,1
101365,22,75.2,22.4,0,1,1
101366,18,68.3,30.0,2,1,0
101367,20,65.7,27.1,1,7,1
101368,21,69.1,27.7,1,4,1
101369,25,85.8,30.0,2,1,1
101370,23,63.2,22.8,2,4,1
101371,25,71.2,24.6,0,1,0
101372,20,74.2,18.7,1,3,1
101373,21,90.7,24.1,0,0,1
101374,21,68.4,17.6,1,2,1
101375,25,83.5,28.7,2,2,1
101376,25,86.8,27.1,4,3,1
101377,25,71.2,23.6,1,2,1
101378,24,69.5,24.5,0,2,1
101379,22,68.1,28.8,1,1,0
101380,22,68.9,19.3,3,3,0
101381,25,82.3,26.0,4,3,1
101382,20,74.8,28.5,0,2,1
101383,20,74.8,16.1,0,3,0
101384,25,58.5,28.4,2,3,1
101385,21,60.4,16.6,1,1,0
101386,19,97.7,24.4,2,2,1
101387,22,69.9,19.2,0,1,1
101388,20,62.7,30.0,2,3,1
101389,25,89.2,19.2,2,1,1
101390,25,75.4,16.7,1,2,1
101391,20,78.9,25.7,2,3,1
101392,22,70.3,22.9,1,1,0
101393,25,68.2,17.5,2,1,1
101394,23,70.0,27.6,1,1,0
101395,19,55.4,15.0,4,3,1
101396,22,70.9,19.8,1,3,0
101397,22,75.6,22.1,2,3,1
101398,23,94.2,29.0,0,5,1
101399,18,73.0,30.0,3,1,1
101400,20,44.0,30.0,3,0,1
101401,24,70.9,24.2,1,2,1
101402,19,100.0,12.9,2,4,1
101403,20,82.4,27.0,3,2,0
101404,20,62.3,30.0,0,0,1
101405,19,79.1,30.0,1,2,1
101406,19,63.1,27.3,2,3,1
101407,20,55.8,19.1,1,0,0
101408,24,67.8,22.4,5,2,1
101409,18,73.1,30.0,1,5,1
101410,20,49.5,17.9,1,2,1
101411,18,58.2,19.3,4,2,1
101412,22,72.1,29.7,1,2,1
101413,20,67.1,22.8,1,1,1
101414,24,76.7,19.1,1,2,1
101415,22,57.4,30.0,2,1,1
101416,24,80.6,27.3,0,0,0
101417,23,57.8,23.1,0,2,0
101418,21,91.7,19.3,1,4,1
101419,24,51.4,30.0,1,7,1
101420,21,58.9,24.9,2,3,1
101421,25,77.0,30.0,1,2,1
101422,25,92.0,29.5,1,1,1
101423,22,75.8,22.4,2,3,1
101424,23,78.8,22.4,2,0,1
101425,20,72.2,30.0,1,1,1
101426,24,59.7,30.0,0,5,1
101427,23,66.1,15.6,1,1,0
101428,25,57.5,27.7,1,3,1
101429,20,56.7,24.4,3,3,1
101430,24,76.8,19.8,1,6,1
101431,21,58.5,26.3,0,1,0
101432,19,75.8,18.3,2,4,1
101433,19,56.4,22.7,1,4,1
101434,22,75.6,21.0,0,3,1
101435,20,66.1,22.5,3,2,1
101436,18,88.9,24.6,1,1,1
101437,21,75.9,19.9,0,3,1
101438,23,86.8,30.0,1,2,1
101439,20,62.9,27.5,0,1,1
101440,25,72.7,30.0,0,4,1
101441,24,60.2,24.2,0,3,1
101442,22,67.0,22.3,0,2,1
101443,25,68.9,30.0,2,0,0
101444,21,63.3,22.1,1,0,1
101445,19,57.4,24.1,2,1,0
101446,18,55.0,28.6,1,1,1
101447,25,43.9,18.8,0,0,0
101448,25,59.3,28.6,2,3,1
101449,23,79.5,27.9,2,2,1
101450,18,52.8,30.0,1,2,0
101451,20,55.6,29.5,0,2,1
101452,18,93.5,30.0,1,0,0
101453,18,64.4,24.4,2,5,1
101454,19,75.9,20.7,2,2,1
101455,22,79.7,30.0,1,1,1
101456,18,80.0,17.4,1,0,1
101457,25,53.7,17.9,0,2,1
101458,21,69.2,27.8,1,1,1
101459,20,52.6,30.0,0,4,1
101460,22,100.0,25.9,0,1,1
101461,24,52.9,30.0,2,0,1
101462,20,59.4,15.0,1,2,1
101463,18,59.5,22.5,1,2,1
101464,18,54.0,15.6,1,4,1
101465,24,88.2,28.9,2,6,1
101466,18,100.0,17.3,2,3,1
101467,23,66.3,18.6,1,1,1
101468,21,56.2,27.6,0,4,1
101469,24,45.2,30.0,0,2,0
101470,18,69.1,24.2,2,0,0
101471,25,68.2,27.9,2,3,1
101472,23,64.2,27.7,2,1,1
101473,21,74.7,23.9,1,1,1
101474,19,76.7,19.5,0,5,1
101475,25,75.9,27.8,3,5,1
101476,20,68.2,28.1,7,2,1
101477,21,58.8,29.5,3,6,1
101478,21,80.0,26.6,1,4,1
101479,19,72.2,19.2,1,1,0
101480,21,82.7,28.5,1,3,1
101481,19,81.5,25.0,0,3,1
101482,18,54.9,22.6,2,3,1
101483,20,54.8,23.5,0,1,0
101484,18,62.9,21.5,2,4,1
101485,21,59.3,29.4,1,5,1
101486,24,81.1,17.9,2,1,1
101487,19,76.2,20.0,2,4,1
101488,18,85.2,23.4,4,0,1
101489,18,76.8,30.0,1,2,1
101490,22,74.5,30.0,1,0,0
101491,20,86.4,16.8,2,1,1
101492,21,77.6,30.0,1,4,1
101493,18,72.8,30.0,0,3,1
101494,20,89.8,19.1,0,2,1
101495,21,73.4,12.4,1,4,1
101496,21,68.3,24.6,1,0,1
101497,22,61.9,30.0,1,3,1
101498,24,80.4,30.0,1,0,1
101499,21,86.8,20.6,0,3,1
101500,24,71.4,30.0,0,1,1
101501,22,87.7,13.9,4,2,1
101502,20,48.4,23.2,1,4,0
101503,19,71.3,22.9,1,4,1
101504,20,71.5,30.0,0,1,1
101505,22,63.3,30.0,1,4,1
101506,19,100.0,29.8,0,3,1
101507,25,71.2,18.2,1,5,1
101508,21,67.1,29.3,1,2,1
101509,24,72.3,27.5,2,3,1
101510,23,48.0,16.6,1,4,1
101511,20,62.9,14.7,1,3,0
101512,19,83.8,30.0,0,5,1
101513,23,64.5,24.1,0,1,1
101514,20,62.1,18.6,4,4,1
101515,19,87.7,24.0,2,2,1
101516,25,88.1,26.8,1,0,1
101517,21,78.2,24.6,3,7,1
101518,18,66.5,17.2,1,1,0
101519,21,69.1,30.0,0,4,1
101520,21,62.4,30.0,3,1,0
101521,24,60.1,23.3,1,2,1
101522,23,59.5,23.5,0,3,0
101523,19,64.6,26.8,1,1,1
101524,19,59.6,19.4,0,2,0
101525,22,53.2,26.6,1,1,1
101526,18,74.6,18.3,1,2,1
101527,20,74.8,24.6,0,0,0
101528,19,92.4,19.2,2,5,1
101529,18,64.0,19.4,0,5,1
101530,25,75.6,30.0,2,3,1
101531,18,75.8,25.3,0,2,1
101532,18,69.0,26.0,0,3,1
101533,25,80.9,14.9,0,3,1
101534,19,81.3,22.0,0,3,1
101535,24,75.9,27.3,0,4,1
101536,18,68.9,26.0,0,5,1
101537,19,67.7,14.2,1,1,0
101538,18,55.6,26.0,2,2,1
101539,23,62.3,26.8,3,1,1
101540,22,64.5,30.0,0,1,1
101541,21,58.5,21.7,1,1,1
101542,19,77.3,13.8,0,2,1
101543,18,86.4,20.0,0,1,0
101544,22,61.1,19.5,2,4,1
101545,19,75.4,28.7,2,2,1
101546,22,59.6,11.4,1,1,1
101547,23,68.3,22.8,4,0,0
101548,24,63.7,30.0,3,5,1
101549,21,79.2,25.0,0,5,1
101550,18,63.9,29.5,0,2,1
101551,20,84.1,16.8,0,2,1
101552,24,69.1,17.0,3,1,1
101553,22,64.2,30.0,0,3,1
101554,22,57.0,25.5,0,4,1
101555,21,75.0,25.5,3,1,1
101556,19,82.7,19.4,1,1,1
101557,25,75.3,25.5,0,1,1
101558,24,98.9,19.3,0,4,1
101559,25,89.2,30.0,0,0,1
101560,24,68.3,30.0,1,2,1
101561,20,68.2,27.4,2,2,1
101562,20,77.6,21.8,2,1,0
101563,19,61.9,12.3,0,1,0
101564,25,86.0,16.6,2,3,1
101565,22,76.3,30.0,0,3,1
101566,21,75.1,19.9,3,3,1
101567,25,80.2,23.1,2,5,1
101568,22,92.7,28.3,1,3,1
101569,25,74.1,30.0,2,2,1
101570,25,70.6,24.0,2,1,1
101571,18,90.1,23.0,1,1,1
101572,20,83.6,25.4,1,3,1
101573,23,68.1,21.9,2,3,1
101574,24,72.1,22.1,2,1,1
101575,19,74.3,27.1,4,3,1
101576,20,76.3,25.9,0,4,1
101577,22,55.7,30.0,1,5,1
101578,24,53.5,27.2,0,1,1
101579,18,61.4,30.0,2,1,0
101580,22,60.4,19.6,2,4,1
101581,20,64.3,27.6,0,3,1
101582,19,79.6,21.4,0,4,1
101583,22,70.0,27.0,1,3,1
101584,21,74.4,28.4,2,2,1
101585,23,57.3,25.2,2,8,1
101586,20,66.5,30.0,1,1,1
101587,24,79.0,30.0,1,7,1
101588,18,79.1,30.0,4,0,1
101589,24,63.3,28.8,1,3,1
101590,18,73.9,30.0,0,4,1
101591,23,98.4,17.8,0,1,0
101592,20,71.8,30.0,2,3,1
101593,21,63.7,20.0,2,4,1
101594,18,69.9,22.2,2,3,1
101595,23,73.1,27.8,1,5,1
101596,19,70.2,30.0,0,2,1
101597,23,71.6,19.2,1,1,1
101598,23,54.7,22.4,0,7,1
101599,24,60.4,25.5,0,2,0
101600,23,70.2,24.1,1,2,0
101601,20,70.0,29.3,1,4,1
101602,23,65.2,30.0,1,4,1
101603,24,69.9,27.1,1,2,1
101604,20,72.7,21.3,2,3,1
101605,18,82.7,18.5,3,0,1
101606,25,70.8,23.4,6,2,1
101607,19,76.8,20.3,3,7,1
101608,22,65.5,27.3,1,1,0
101609,19,78.9,27.3,1,1,1
101610,19,76.5,22.7,1,3,1
101611,24,82.4,30.0,1,1,1
101612,19,80.6,21.3,1,4,1
101613,23,79.1,24.4,0,2,1
101614,23,70.8,28.2,0,2,1
101615,18,74.9,29.5,4,1,1
101616,19,84.8,30.0,0,2,1
101617,24,64.2,27.1,2,2,1
101618,22,64.5,30.0,2,2,1
101619,18,74.2,21.7,0,4,1
101620,25,77.0,29.6,1,5,1
101621,20,62.1,29.5,3,2,1
101622,18,71.1,30.0,0,2,1
101623,25,70.9,16.7,1,1,0
101624,18,45.4,20.5,2,6,1
101625,22,69.4,29.1,1,1,1
101626,25,70.1,11.7,2,2,1
101627,22,70.1,27.5,1,1,1
101628,22,89.0,30.0,1,3,1
101629,21,57.4,22.1,0,5,1
101630,19,62.1,22.8,1,2,0
101631,22,40.7,19.6,1,5,0
101632,25,66.2,22.4,1,5,1
101633,18,67.3,22.5,4,2,1
101634,25,65.9,21.6,0,5,1
101635,21,85.3,21.3,0,3,1
101636,22,82.3,23.6,2,6,1
101637,19,72.9,23.6,1,3,0
101638,22,67.6,30.0,1,3,0
101639,19,84.3,23.0,0,0,1
101640,20,71.8,26.7,1,2,1
101641,23,62.2,22.1,3,1,1
101642,18,51.4,22.1,1,3,1
101643,21,66.7,16.5,0,2,0
101644,22,81.1,17.1,1,1,1
101645,19,99.3,19.0,2,3,1
101646,20,72.7,25.9,0,1,1
101647,20,62.8,30.0,2,3,1
101648,23,57.8,16.1,0,4,1
101649,25,78.6,22.3,1,2,1
101650,24,50.8,18.2,2,2,1
101651,19,78.6,23.7,3,5,1
101652,18,81.8,30.0,2,4,1
101653,18,77.2,22.8,1,4,1
101654,22,69.4,24.8,3,1,0
101655,19,78.8,30.0,1,1,1
101656,19,74.1,27.3,1,5,1
101657,24,62.7,21.2,0,7,1
101658,24,94.2,25.8,0,3,1
101659,24,67.8,20.9,1,2,1
101660,20,81.3,27.1,2,1,1
101661,22,43.0,27.6,2,2,0
101662,22,87.3,18.2,1,1,1
101663,19,89.6,25.9,0,1,1
101664,22,72.4,24.4,1,0,1
101665,22,78.7,27.7,1,0,1
101666,21,78.7,29.2,1,1,1
101667,24,64.3,27.4,0,4,1
101668,23,78.6,23.5,0,3,1
101669,22,62.3,29.7,0,4,1
101670,23,64.7,20.6,2,5,0
101671,24,85.5,18.4,1,2,1
101672,22,83.7,10.0,4,2,1
101673,20,63.5,24.6,0,3,1
101674,24,63.2,20.9,1,3,1
101675,23,64.3,27.0,0,3,1
101676,25,80.8,15.1,1,2,1
101677,19,60.0,21.8,2,3,1
101678,21,76.3,27.4,0,5,1
101679,25,81.0,19.9,1,3,1
101680,22,70.9,27.0,0,4,1
101681,25,84.1,22.2,4,3,1
101682,18,68.3,24.8,1,1,1
101683,18,69.4,28.0,3,1,0
101684,24,60.3,29.8,4,3,1
101685,20,84.2,25.5,1,2,1
101686,22,62.8,20.9,0,2,1
101687,21,76.2,22.7,2,3,1
101688,21,71.1,28.2,0,0,1
101689,25,59.4,19.9,3,3,1
101690,18,64.7,24.1,1,5,1
101691,24,88.6,23.1,0,2,1
101692,25,74.4,24.5,2,5,1
101693,23,59.9,20.0,0,2,1
101694,21,75.7,15.7,0,3,1
101695,19,70.2,27.6,1,1,1
101696,23,100.0,29.8,0,3,1
101697,21,75.4,16.0,0,3,1
101698,19,67.4,26.8,1,3,1
101699,20,89.0,30.0,0,1,1
101700,25,49.9,28.0,2,3,1
101701,20,73.1,22.9,2,4,1
101702,19,95.9,20.3,0,2,1
101703,23,70.6,25.4,1,5,1
101704,19,51.2,26.2,1,1,1
101705,25,67.2,25.5,0,5,1
101706,24,89.5,24.1,0,0,0
101707,25,76.5,19.6,0,1,1
101708,25,61.9,27.1,0,1,1
101709,19,63.8,27.4,1,4,1
101710,19,65.3,26.0,2,2,1
101711,20,76.3,25.6,0,5,1
101712,21,88.1,30.0,2,0,1
101713,25,84.6,21.9,0,5,1
101714,23,77.5,30.0,2,5,1
101715,23,56.0,21.3,3,1,0
101716,25,56.1,30.0,1,1,1
101717,23,78.4,30.0,1,2,1
101718,21,55.9,23.5,4,7,1
101719,21,69.3,30.0,0,3,1
101720,22,75.6,27.3,1,3,1
101721,18,58.3,20.6,0,2,1
101722,23,59.7,23.1,1,2,1
101723,23,70.9,30.0,0,2,1
101724,23,78.0,29.6,3,1,1
101725,22,84.7,19.7,2,3,0
101726,24,79.3,24.3,3,2,1
101727,25,72.9,26.0,1,5,1
101728,22,63.0,22.5,0,4,1
101729,21,59.1,30.0,0,2,1
101730,18,65.9,26.2,1,4,1
101731,24,76.9,24.7,2,0,1
101732,25,76.0,30.0,2,2,1
101733,23,46.8,23.2,3,3,1
101734,24,62.6,30.0,2,0,0
101735,24,86.5,16.7,0,2,1
101736,24,73.0,22.7,1,0,1
101737,22,55.0,30.0,1,5,1
101738,18,100.0,30.0,2,2,1
101739,18,71.7,21.1,0,1,1
101740,19,76.6,20.6,0,4,1
101741,21,76.8,27.8,0,3,1
101742,23,67.6,21.9,1,1,1
101743,21,63.3,23.7,1,1,1
101744,18,97.5,29.4,0,1,1
101745,19,84.0,22.3,2,0,1
101746,25,81.9,15.2,0,2,1
101747,25,78.9,18.5,1,2,1
101748,21,60.0,25.0,3,3,1
101749,24,87.3,15.7,2,3,1
101750,23,61.9,23.5,2,5,1
101751,25,75.4,18.0,1,3,1
101752,25,52.3,30.0,1,1,1
101753,23,47.5,30.0,0,2,1
101754,21,75.8,19.7,0,4,1
101755,23,62.3,26.3,0,3,1
101756,20,48.1,20.2,0,3,1
101757,20,78.5,23.5,0,2,1
101758,22,97.4,30.0,1,7,1
101759,22,88.7,22.7,2,1,1
101760,22,68.9,23.6,1,1,1
101761,21,72.1,20.3,1,4,1
101762,21,82.7,30.0,2,0,1
101763,18,85.5,10.0,1,1,0
101764,22,67.9,22.8,2,3,1
101765,22,72.4,24.8,3,6,1
101766,25,75.6,21.7,2,3,0
101767,22,78.6,29.3,1,4,1
101768,21,70.4,30.0,0,0,1
101769,18,70.6,17.9,1,2,1
101770,19,88.6,30.0,2,1,1
101771,20,86.5,17.9,2,0,0
101772,21,77.7,30.0,3,1,0
101773,20,92.6,25.7,1,2,1
101774,21,67.4,22.5,2,3,1
101775,24,91.5,23.0,2,3,1
101776,19,78.5,24.8,1,0,0
101777,20,100.0,26.0,1,2,1
101778,19,57.7,20.4,2,3,1
101779,20,63.7,23.8,2,4,1
101780,23,77.0,21.1,2,2,1
101781,18,76.8,18.9,2,5,1
101782,20,95.4,20.9,0,5,1
101783,18,64.0,19.3,2,2,1
101784,25,82.9,22.9,0,1,1
101785,23,85.9,27.2,0,0,0
101786,19,80.5,25.6,1,7,1
101787,19,60.5,30.0,1,4,1
101788,18,88.9,13.9,1,3,1
101789,21,86.8,27.3,1,4,1
101790,24,79.2,25.0,1,8,1
101791,22,74.5,29.1,1,1,1
101792,25,74.7,28.6,0,0,0
101793,20,71.1,24.2,1,2,1
101794,20,79.7,25.9,1,1,1
101795,21,72.4,21.3,0,4,1
101796,19,61.8,28.1,1,1,0
101797,25,59.4,15.6,0,1,0
101798,19,63.0,28.9,3,0,1
101799,21,74.7,24.9,2,4,1
101800,22,71.7,22.6,2,2,1
101801,18,74.6,23.8,2,2,1
101802,21,78.0,24.2,5,1,1
101803,21,64.5,30.0,1,3,1
101804,20,89.6,30.0,1,1,1
101805,19,68.8,30.0,3,4,1
101806,18,66.8,22.2,1,5,1
101807,18,77.8,28.1,2,2,1
101808,21,50.0,28.4,0,2,1
101809,18,62.5,20.4,1,3,1
101810,25,83.8,18.7,3,4,1
101811,19,51.2,24.7,0,4,1
101812,23,85.4,29.0,2,1,1
101813,23,90.1,16.9,1,6,1
101814,21,67.6,21.4,0,4,1
101815,25,75.5,27.9,3,1,1
101816,18,85.4,25.2,2,4,1
101817,19,66.4,30.0,1,1,1
101818,20,82.4,17.9,0,0,0
101819,19,63.9,30.0,2,3,1
101820,20,66.3,17.3,0,3,1
101821,20,62.4,14.9,1,2,1
101822,24,76.1,24.7,1,1,1
101823,20,85.9,19.3,1,2,1
101824,25,69.8,24.8,2,5,1
101825,24,56.7,24.6,2,1,0
101826,25,59.0,24.0,1,4,1
101827,18,76.7,20.8,1,3,1
101828,25,94.1,27.2,1,3,1
101829,22,76.7,23.4,0,4,1
101830,25,67.4,30.0,1,0,0
101831,20,81.2,24.1,2,1,1
101832,25,69.1,20.2,1,2,1
101833,22,67.5,16.6,5,3,1
101834,18,60.5,24.1,1,3,1
101835,21,88.9,18.7,2,4,1
101836,19,41.5,18.3,3,2,0
101837,25,81.6,27.6,2,3,1
101838,20,66.4,16.1,2,3,1
101839,19,67.1,30.0,1,0,0
101840,22,92.3,25.8,3,2,1
101841,21,63.4,24.8,1,4,1
101842,18,63.8,19.8,1,0,1
101843,24,70.4,28.8,1,1,1
101844,24,77.0,25.0,2,4,1
101845,23,66.7,21.6,0,1,1
101846,22,53.1,26.0,0,8,1
101847,21,61.6,16.6,0,1,0
101848,22,87.4,16.8,2,5,1
101849,22,72.9,19.4,0,1,0
101850,19,77.4,26.7,2,3,1
101851,18,68.9,25.0,0,1,1
101852,20,64.1,30.0,1,2,1
101853,21,92.1,20.4,3,0,1
101854,19,69.7,27.9,0,4,1
101855,18,66.7,24.4,2,4,1
101856,24,85.2,20.3,1,2,1
101857,20,63.3,26.9,3,3,1
101858,22,64.9,24.7,2,8,1
101859,22,72.1,21.9,1,1,1
101860,23,72.0,25.2,1,2,1
101861,23,75.1,24.4,0,2,1
101862,20,97.1,24.2,0,1,1
101863,24,76.0,22.9,1,2,1
101864,20,43.5,18.5,1,4,1
101865,24,75.9,25.4,2,0,1
101866,21,72.5,21.0,1,3,1
101867,18,72.5,19.9,1,1,0
101868,24,75.0,23.8,0,2,1
101869,18,71.7,28.7,0,1,1
101870,24,71.4,25.9,4,1,0
101871,18,79.4,22.3,0,3,1
101872,19,65.5,22.1,0,0,1
101873,22,60.6,28.2,2,3,0
101874,25,100.0,13.0,0,3,1
101875,21,63.4,29.0,2,2,1
101876,18,73.2,15.6,2,5,1
101877,19,54.1,17.9,2,3,1
101878,25,73.4,22.4,1,2,1
101879,23,60.8,30.0,0,2,1
101880,18,66.7,30.0,0,3,1
101881,21,84.5,28.5,0,2,1
101882,20,77.7,26.8,0,3,1
101883,19,78.8,15.7,3,3,1
101884,24,50.7,25.8,2,2,1
101885,22,94.0,22.3,0,3,1
101886,19,57.7,20.9,0,3,1
101887,23,90.3,25.8,1,3,1
101888,21,84.3,22.6,1,2,1
101889,18,78.9,29.3,2,3,1
101890,21,61.7,15.3,2,5,1
101891,19,73.8,25.4,2,3,1
101892,19,66.3,20.6,4,2,1
101893,25,72.3,23.0,0,2,1
101894,23,69.0,26.5,0,0,0
101895,19,47.5,19.4,5,1,1
101896,24,85.5,25.8,0,6,1
101897,22,71.0,23.9,2,4,1
101898,24,66.2,21.7,2,2,1
101899,23,65.3,22.6,3,2,1
101900,20,76.3,24.2,1,7,1
101901,22,61.3,21.2,4,1,0
101902,22,44.9,25.0,1,1,1
101903,23,76.9,23.6,0,5,1
101904,19,78.2,21.9,4,4,1
101905,20,69.6,30.0,0,4,1
101906,19,58.2,27.1,0,2,1
101907,20,73.1,23.1,1,2,1
101908,19,54.4,25.7,0,3,1
101909,18,59.7,19.9,1,5,1
101910,25,63.0,22.8,1,3,1
101911,18,82.1,23.4,1,3,1
101912,25,67.6,18.8,1,2,1
101913,18,66.6,26.9,0,4,1
101914,24,95.5,22.5,2,2,1
101915,20,76.2,23.2,2,4,1
101916,22,76.1,22.2,0,1,0
101917,20,67.6,30.0,2,1,0
101918,21,64.8,21.7,2,2,1
101919,21,45.8,14.7,0,4,1
101920,22,83.6,17.0,0,3,0
101921,21,77.4,28.8,0,4,1
101922,22,69.9,30.0,3,2,1
101923,24,70.4,21.6,2,2,1
101924,21,80.8,30.0,1,2,1
101925,20,53.3,28.7,0,2,1
101926,19,64.9,24.1,0,5,1
101927,20,58.4,23.7,1,2,1
101928,19,93.3,25.9,0,1,1
101929,19,82.5,29.4,1,3,1
101930,25,45.6,27.0,3,2,1
101931,18,53.8,21.6,2,6,1
101932,21,70.4,24.1,2,4,1
101933,24,66.3,30.0,0,1,1
101934,25,56.1,26.3,2,0,1
101935,19,95.3,29.3,0,4,1
101936,19,75.8,27.7,0,2,1
101937,20,77.7,26.4,2,1,1
101938,22,63.7,25.5,2,3,1
101939,25,80.7,29.5,1,5,1
101940,19,67.4,28.6,1,0,0
101941,19,68.6,26.3,1,3,1
101942,20,79.3,21.5,3,1,1
101943,24,52.5,26.9,1,5,1
101944,18,91.2,24.7,3,1,1
101945,21,74.2,23.5,0,3,1
101946,18,87.4,30.0,1,3,1
101947,19,59.1,17.3,0,1,0
101948,25,60.9,29.8,1,4,1
101949,18,58.1,20.7,0,1,0
101950,20,75.0,25.7,0,2,0
101951,25,72.8,30.0,1,0,1
101952,22,66.4,20.2,0,2,1
101953,18,59.8,21.4,2,2,1
101954,21,56.8,24.9,1,3,1
101955,25,71.4,20.8,3,2,1
101956,21,66.4,29.4,1,3,1
101957,22,63.8,22.3,2,1,1
101958,22,90.6,28.3,2,3,1
101959,23,71.0,18.4,2,1,1
101960,19,87.2,16.0,3,1,1
101961,24,65.6,23.9,3,1,1
101962,25,74.9,17.2,2,4,1
101963,19,71.3,30.0,1,2,1
101964,24,51.6,17.4,2,1,1
101965,24,89.1,19.8,1,1,1
101966,23,70.4,27.1,2,3,0
101967,20,81.0,22.1,2,2,1
101968,21,63.0,17.4,0,4,1
101969,24,70.0,30.0,2,1,1
101970,19,61.6,20.0,2,1,1
101971,24,86.8,24.0,1,3,1
101972,25,75.7,24.0,1,2,1
101973,23,76.4,28.6,1,2,1
101974,20,88.3,27.3,0,3,1
101975,22,85.9,20.9,2,6,1
101976,18,81.2,23.4,1,4,1
101977,25,54.9,23.9,1,3,1
101978,20,63.7,28.7,1,6,0
101979,18,60.0,19.2,3,6,1
101980,24,80.7,30.0,0,6,1
101981,23,74.0,21.2,0,1,1
101982,22,55.3,25.0,1,2,1
101983,18,69.7,19.2,1,2,1
101984,24,54.1,18.5,2,5,1
101985,23,71.4,20.6,4,3,1
101986,24,52.1,20.1,1,3,1
101987,24,78.3,22.9,2,1,0
101988,19,76.5,20.1,0,5,0
101989,19,94.9,28.5,1,2,1
101990,25,82.2,21.1,2,3,1
101991,22,66.9,20.5,0,3,1
101992,21,81.8,23.0,1,1,1
101993,20,55.2,30.0,3,2,1
101994,23,60.5,26.1,1,2,1
101995,24,76.0,24.5,1,4,1
101996,18,46.1,17.8,2,1,1
101997,22,71.6,19.3,1,2,0
101998,25,59.8,18.6,0,3,1
101999,20,73.2,30.0,2,0,1
102000,20,59.1,27.7,1,4,1
102001,25,77.1,20.7,2,0,1
102002,18,72.2,22.2,3,2,1
102003,21,88.8,20.9,1,2,1
102004,21,72.1,20.6,0,5,1
102005,24,62.8,27.3,2,1,0
102006,19,69.0,23.6,4,2,1
102007,21,55.9,30.0,1,2,1
102008,19,76.9,30.0,1,6,1
102009,24,79.1,30.0,1,0,0
102010,23,100.0,28.4,2,5,1
102011,21,64.5,22.9,0,3,1
102012,21,68.8,28.0,0,4,1
102013,19,65.1,23.3,1,2,1
102014,25,74.5,30.0,1,2,1
102015,23,76.6,27.0,2,2,1
102016,20,71.4,26.3,3,4,1
102017,21,85.0,25.6,0,4,1
102018,23,64.6,30.0,2,4,1
102019,23,83.8,17.8,0,2,1
102020,21,78.5,30.0,0,3,1
102021,20,71.9,24.1,1,3,0
102022,23,68.2,18.0,2,3,1
102023,23,100.0,21.2,0,1,1
102024,22,62.2,16.7,0,2,1
102025,18,75.6,28.3,1,2,1
102026,21,63.0,19.8,3,1,1
102027,22,93.4,25.8,2,4,1
102028,25,82.6,30.0,1,2,1
102029,22,63.9,21.6,2,1,1
102030,20,78.2,23.7,0,2,1
102031,22,75.1,18.5,2,8,1
102032,19,65.8,23.1,0,4,1
102033,18,81.1,30.0,0,2,1
102034,23,76.7,28.9,2,1,0
102035,25,74.6,23.7,1,2,0
102036,24,71.5,21.9,1,5,1
102037,22,77.2,24.8,2,1,1
102038,18,74.8,25.7,1,6,1
102039,25,72.7,22.9,0,0,1
102040,21,64.3,27.7,2,1,0
102041,20,92.3,20.2,1,0,1
102042,25,59.4,20.2,2,2,0
102043,23,77.1,26.9,2,3,1
102044,23,68.2,19.2,1,3,1
102045,20,93.1,28.6,0,4,1
102046,25,61.2,24.9,2,2,1
102047,21,63.2,15.9,0,4,1
102048,22,60.4,25.5,0,1,0
102049,24,75.9,16.6,0,5,1
102050,23,55.5,28.5,1,0,0
102051,19,66.3,23.8,3,2,1
102052,20,46.2,30.0,4,4,1
102053,20,74.9,30.0,0,2,1
102054,25,66.0,19.7,3,2,1
102055,23,54.1,14.9,0,3,1
102056,20,85.0,21.2,2,5,1
102057,23,56.3,18.9,2,4,1
102058,23,81.6,30.0,0,1,1
102059,21,63.6,24.9,2,3,1
102060,21,91.2,29.7,0,1,0
102061,25,81.0,23.6,0,2,1
102062,22,59.9,24.1,1,4,1
102063,19,61.0,24.8,0,2,0
102064,23,79.3,30.0,1,1,0
102065,22,68.9,26.6,4,2,1
102066,22,70.0,19.7,1,2,1
102067,23,87.3,30.0,0,1,1
102068,25,63.0,23.5,1,0,0
102069,20,73.1,22.7,0,3,1
102070,21,83.5,10.9,1,0,0
102071,19,81.7,28.2,0,3,1
102072,23,70.1,25.5,0,1,1
102073,21,68.5,25.5,0,1,1
102074,20,51.1,23.0,1,2,1
102075,23,59.3,22.1,0,2,1
102076,21,75.8,23.2,3,1,1
102077,21,70.3,27.3,3,0,1
102078,21,72.9,28.2,0,1,1
102079,20,84.5,23.8,0,2,1
102080,19,57.8,29.7,1,2,1
102081,24,69.2,24.6,1,1,1
102082,18,74.3,22.5,1,0,1
102083,20,63.6,26.0,1,2,1
102084,23,89.2,18.2,2,3,1
102085,19,82.9,26.2,4,1,1
102086,23,75.5,17.3,4,5,1
102087,23,93.5,19.9,0,6,1
102088,23,54.0,14.9,3,4,1
102089,20,71.9,24.1,1,4,1
102090,18,76.4,30.0,1,3,1
102091,25,61.0,24.4,2,3,1
102092,20,75.6,28.2,2,0,1
102093,24,58.7,30.0,3,1,1
102094,19,80.3,27.0,0,1,1
102095,19,84.7,21.2,1,6,1
102096,24,75.3,21.9,2,6,1
102097,25,49.8,25.0,2,2,1
102098,24,60.4,21.8,0,0,0
102099,24,78.8,22.2,1,2,1
102100,19,72.3,29.9,0,5,1
102101,25,39.7,30.0,1,2,1
102102,23,86.9,16.8,2,2,1
102103,19,73.6,20.9,1,1,1
102104,19,62.2,22.7,3,4,1
102105,24,83.9,28.0,1,2,1
102106,20,63.9,30.0,0,4,1
102107,24,63.7,30.0,0,2,1
102108,19,76.3,22.7,0,2,1
102109,20,93.4,22.9,1,4,1
102110,20,91.5,27.9,2,4,1
102111,20,76.3,21.6,0,5,1
102112,23,77.5,24.3,1,5,1
102113,25,81.5,22.9,0,1,1
102114,25,56.9,11.9,3,5,1
102115,23,79.7,25.6,1,1,1
102116,19,63.2,24.1,1,2,0
102117,25,75.8,30.0,1,1,1
102118,22,69.3,25.0,1,1,0
102119,22,78.0,18.7,0,4,1
102120,23,73.4,23.7,3,4,1
102121,24,35.1,14.5,0,2,1
102122,25,74.1,18.9,1,3,1
102123,22,79.7,28.2,1,4,1
102124,22,77.4,23.8,2,6,1
102125,23,70.8,29.6,1,4,1
102126,20,91.7,15.2,0,0,0
102127,20,75.7,23.8,1,4,1
102128,23,77.3,22.6,2,1,0
102129,18,84.5,29.8,3,2,1
102130,20,76.4,28.4,1,1,1
102131,23,61.2,28.2,0,5,1
102132,25,42.7,30.0,0,2,1
102133,22,66.3,23.2,2,1,1
102134,21,81.1,30.0,1,2,1
102135,21,67.8,19.8,3,3,1
102136,23,81.6,19.6,1,1,1
102137,22,73.8,28.8,1,3,1
102138,18,87.5,17.5,2,4,1
102139,22,68.5,27.9,0,2,1
102140,21,77.6,25.5,2,2,1
102141,23,78.1,30.0,1,5,1
102142,25,90.0,24.7,2,4,1
102143,25,51.5,25.3,1,2,0
102144,22,66.5,27.5,1,2,1
102145,20,82.2,21.7,1,1,1
102146,21,90.6,21.5,1,2,1
102147,19,74.9,27.4,1,2,1
102148,25,68.5,24.9,2,2,1
102149,24,81.1,23.0,2,1,1
102150,24,82.4,24.6,3,0,1
102151,20,67.7,30.0,1,3,1
102152,20,76.0,22.8,2,4,1
102153,24,86.2,22.6,0,2,1
102154,22,94.7,16.5,0,5,1
102155,23,80.9,24.8,2,3,1
102156,21,72.5,28.3,3,4,1
102157,21,71.4,29.2,1,1,1
102158,23,78.7,25.5,1,2,1
102159,24,70.6,29.8,0,4,1
102160,20,74.3,28.7,2,5,1
102161,24,59.3,30.0,1,2,1
102162,19,87.6,29.9,1,2,1
102163,21,58.3,30.0,0,5,1
102164,25,66.8,24.2,0,1,0
102165,25,73.2,18.4,2,1,1
102166,25,95.9,28.3,1,1,1
102167,20,66.9,28.9,3,6,1
102168,24,64.0,30.0,1,4,1
102169,25,65.4,30.0,1,6,1
102170,25,91.9,30.0,2,2,1
102171,18,38.3,28.1,2,5,1
102172,23,60.0,26.1,2,4,0
102173,25,100.0,18.1,1,1,1
102174,24,79.1,26.5,0,2,1
102175,19,58.7,22.2,2,2,1
102176,24,71.5,26.1,0,3,1
102177,18,72.8,25.3,2,4,1
102178,21,82.2,27.4,1,3,0
102179,23,94.1,24.5,2,1,1
102180,21,76.7,29.7,2,1,1
102181,23,65.5,11.4,0,3,1
102182,19,81.4,25.9,1,1,1
102183,22,63.6,30.0,1,3,1
102184,23,59.6,30.0,0,1,0
102185,23,50.9,28.7,0,1,0
102186,20,53.2,30.0,0,2,1
102187,20,61.2,25.8,0,6,1
102188,20,57.9,25.0,2,1,0
102189,21,75.8,27.6,1,5,1
102190,22,57.6,25.0,0,1,1
102191,20,35.0,21.1,1,2,0
102192,21,59.5,22.4,1,2,1
102193,20,66.3,19.4,2,2,1
102194,19,64.7,27.6,1,2,1
102195,23,90.2,25.1,0,1,1
102196,24,64.6,23.2,0,2,0
102197,20,82.6,22.2,4,3,1
102198,24,71.8,27.5,5,2,1
102199,22,71.5,28.9,3,3,1
102200,19,62.0,19.3,0,1,1
102201,20,71.3,18.6,4,2,1
102202,18,62.8,29.8,1,2,1
102203,18,74.0,18.1,0,1,1
102204,20,69.2,27.7,1,2,1
102205,21,60.7,30.0,2,3,1
102206,24,83.9,30.0,1,2,1
102207,19,77.1,28.7,1,2,1
102208,24,66.6,28.5,2,0,0
102209,19,73.7,30.0,0,0,1
102210,19,71.0,13.3,0,3,1
102211,23,61.6,22.7,1,2,1
102212,24,72.8,29.2,0,2,1
102213,22,64.5,23.3,1,1,1
102214,18,60.7,30.0,0,2,1
102215,18,52.5,24.8,1,3,1
102216,21,67.7,25.7,2,2,1
102217,21,78.8,23.6,1,2,1
102218,25,63.7,22.4,0,4,1
102219,20,100.0,22.3,1,1,1
102220,19,82.6,26.4,3,1,1
102221,25,87.7,21.1,2,0,1
102222,19,81.5,29.8,2,1,1
102223,18,94.2,28.3,0,1,0
102224,21,62.6,30.0,0,1,1
102225,21,41.3,19.4,1,1,1
102226,22,66.6,16.5,0,3,1
102227,25,78.7,25.0,0,3,1
102228,25,73.8,30.0,2,3,1
102229,20,75.3,30.0,2,4,1
102230,25,87.9,22.2,2,1,1
102231,23,76.6,27.1,1,6,1
102232,18,81.6,28.6,0,2,1
102233,25,60.7,18.2,2,2,1
102234,19,58.9,30.0,0,2,1
102235,22,91.4,24.2,3,2,1
102236,24,73.2,24.5,3,0,0
102237,19,64.5,25.1,1,2,1
102238,20,64.5,30.0,0,1,1
102239,21,64.2,21.2,1,1,0
102240,25,63.5,16.5,0,3,1
102241,19,56.6,26.6,1,0,0
102242,23,54.0,14.8,0,4,0
102243,21,69.7,23.5,1,3,0
102244,18,64.9,30.0,3,3,1
102245,23,85.3,27.9,0,3,0
102246,24,75.5,30.0,1,1,0
102247,22,75.2,28.1,2,4,1
102248,19,63.1,30.0,2,2,1
102249,19,70.5,22.1,0,5,1
102250,21,76.3,27.0,1,3,1
102251,22,80.6,22.8,2,3,1
102252,22,70.9,29.8,3,4,1
102253,19,84.9,24.7,1,5,1
102254,22,72.1,30.0,1,2,1
102255,20,81.5,22.3,2,0,1
102256,23,66.1,30.0,1,2,1
102257,24,50.2,28.0,0,5,1
102258,23,75.2,24.8,2,4,1
102259,18,80.7,27.7,1,2,1
102260,25,78.9,26.3,1,2,1
102261,18,77.1,26.8,1,2,1
102262,25,67.8,24.0,2,1,1
102263,18,62.3,21.5,1,2,0
102264,22,78.6,23.3,1,3,1
102265,18,77.1,16.6,1,1,1
102266,18,65.3,29.2,0,5,1
102267,23,85.3,18.8,1,4,1
102268,23,61.4,23.9,1,2,0
102269,18,65.0,28.2,2,1,1
102270,25,91.6,29.2,1,3,1
102271,20,82.4,16.1,1,0,1
102272,20,67.7,24.5,1,0,0
102273,20,75.4,27.3,0,6,1
102274,21,73.9,25.3,0,1,1
102275,19,39.1,30.0,3,2,1
102276,21,61.1,20.9,0,1,1
102277,19,71.4,14.8,3,3,1
102278,18,67.7,29.1,1,4,1
102279,20,75.0,22.3,1,3,1
102280,23,85.6,16.2,1,1,1
102281,24,68.1,24.2,3,3,1
102282,20,59.3,30.0,2,2,1
102283,20,75.9,18.7,1,0,0
102284,24,68.1,30.0,1,1,1
102285,23,70.1,20.8,1,4,1
102286,24,68.5,25.4,2,1,0
102287,25,98.9,18.9,1,1,1
102288,24,45.1,25.2,1,7,0
102289,25,67.3,24.3,1,4,1
102290,21,72.0,17.6,0,3,1
102291,21,62.6,30.0,1,2,1
102292,20,82.8,22.5,2,3,1
102293,19,81.8,22.5,1,3,1
102294,23,71.4,29.8,1,2,1
102295,23,68.8,30.0,2,3,1
102296,24,70.7,30.0,1,4,1
102297,19,70.7,19.0,1,4,1
102298,21,71.1,26.1,0,2,1
102299,19,69.7,15.6,1,3,1
102300,25,75.0,29.5,1,2,1
102301,20,81.0,16.8,0,1,0
102302,19,57.2,21.0,1,6,1
102303,22,59.4,25.0,2,2,1
102304,25,51.0,27.2,3,1,1
102305,25,82.4,23.7,2,3,1
102306,18,75.0,30.0,0,2,1
102307,20,78.1,28.6,0,0,1
102308,19,54.8,28.2,4,2,0
102309,20,93.4,18.9,1,2,1
102310,22,64.7,30.0,0,6,1
102311,20,74.0,21.0,0,3,1
102312,18,82.3,30.0,1,3,1
102313,22,60.2,30.0,1,2,0
102314,18,65.4,27.6,1,3,1
102315,19,74.2,30.0,0,4,1
102316,18,100.0,10.0,1,1,1
102317,18,75.6,24.0,3,3,1
102318,21,91.3,30.0,0,2,1
102319,24,86.5,29.6,2,4,1
102320,24,76.4,18.9,0,1,0
102321,18,60.1,23.5,2,3,1
102322,18,84.7,12.3,2,3,0
102323,20,54.0,27.1,2,2,1
102324,23,91.2,15.6,1,1,1
102325,23,74.4,30.0,3,5,1
102326,24,40.2,30.0,2,4,0
102327,20,67.9,22.6,2,2,1
102328,19,79.8,27.6,1,1,1
102329,18,69.2,23.9,1,2,1
102330,19,80.6,26.2,0,2,0
102331,18,61.8,19.3,4,3,1
102332,24,56.3,28.1,2,5,1
102333,20,71.1,16.8,2,0,0
102334,24,72.4,15.9,0,3,1
102335,22,67.8,24.4,1,2,1
102336,22,86.7,23.9,1,0,1
102337,21,61.8,26.4,1,1,1
102338,24,75.8,21.8,2,3,1
102339,18,72.8,30.0,0,2,1
102340,18,53.3,25.8,0,0,0
102341,21,56.2,26.2,2,3,1
102342,21,72.1,26.0,1,3,1
102343,22,95.8,30.0,3,3,1
102344,23,79.0,27.9,2,4,1
102345,22,51.3,27.2,3,3,0
102346,20,35.0,28.7,2,2,1
102347,20,80.8,15.9,2,5,1
102348,24,70.8,16.1,2,1,1
102349,19,85.7,24.6,0,2,1
102350,22,61.4,24.0,2,1,1
102351,22,76.2,27.9,6,3,1
102352,24,82.2,25.1,4,3,1
102353,23,66.6,27.9,1,2,1
102354,21,66.9,18.8,0,5,1
102355,20,72.3,24.9,2,1,0
102356,20,78.5,18.3,0,7,1
102357,21,71.8,26.9,1,1,1
102358,19,83.7,15.6,0,1,0
102359,23,66.5,26.7,0,3,1
102360,19,56.1,17.7,3,3,1
102361,23,95.7,23.1,0,0,1
102362,24,64.7,29.5,2,4,1
102363,25,65.2,26.1,3,5,1
102364,18,71.2,16.8,0,2,1
102365,24,72.8,21.6,0,2,1
102366,18,67.4,17.5,2,3,1
102367,20,71.8,16.5,0,3,0
102368,19,71.5,25.6,0,3,1
102369,19,74.1,27.8,2,2,1
102370,19,43.7,27.2,3,2,0
102371,18,94.6,28.0,0,2,1
102372,24,70.2,24.9,4,3,1
102373,18,79.0,23.6,2,3,1
102374,21,55.5,19.6,1,4,1
102375,23,66.3,22.8,2,1,1
102376,25,63.9,18.4,2,4,0
102377,24,89.6,20.8,1,2,1
102378,19,65.0,25.4,2,2,1
102379,25,81.1,24.4,1,1,1
102380,23,64.2,30.0,0,4,1
102381,19,66.6,18.3,2,4,1
102382,21,69.1,24.4,1,3,1
102383,25,87.4,17.9,1,2,0
102384,21,49.3,23.1,0,2,1
102385,19,56.2,23.3,0,1,1
102386,25,48.6,29.2,0,1,1
102387,25,58.9,22.8,3,0,1
102388,25,62.3,24.0,0,4,1
102389,25,52.6,22.8,2,0,0
102390,24,63.2,18.0,1,1,1
102391,21,47.8,21.7,2,1,0
102392,19,59.8,23.1,2,3,1
102393,22,86.4,25.4,1,2,1
102394,19,76.8,27.8,2,3,1
102395,21,74.2,23.8,0,1,1
102396,23,60.0,23.7,6,6,1
102397,25,53.6,16.4,0,1,0
102398,20,58.3,27.7,2,1,0
102399,20,71.5,21.5,2,0,0
102400,23,82.4,28.7,1,0,0
102401,18,82.8,30.0,0,7,1
102402,22,79.6,24.1,0,5,1
102403,23,63.1,19.9,2,1,1
102404,22,72.3,24.9,1,2,1
102405,21,68.1,26.7,0,1,1
102406,24,69.6,23.4,1,0,0
102407,20,96.4,22.2,1,2,0
102408,23,50.9,27.8,1,0,1
102409,21,69.2,27.5,4,2,1
102410,18,86.5,23.3,0,1,0
102411,22,54.4,16.7,0,0,0
102412,18,64.3,27.3,0,2,1
102413,25,65.7,21.2,0,4,1
102414,22,69.3,26.1,1,2,1
102415,20,52.8,25.8,1,3,1
102416,21,79.1,15.6,1,2,1
102417,22,80.0,25.4,1,1,1
102418,20,78.1,27.6,1,2,0
102419,20,61.6,28.2,2,1,1
102420,21,73.0,25.6,0,2,1
102421,20,61.2,15.1,0,2,1
102422,24,68.0,30.0,2,5,1
102423,18,97.8,27.1,1,0,1
102424,24,73.1,19.0,1,1,1
102425,20,57.7,21.1,3,2,1
102426,22,74.2,26.2,1,1,1
102427,19,55.8,28.4,5,4,1
102428,21,57.6,22.6,0,4,1
102429,24,59.5,29.1,1,2,1
102430,20,66.7,16.0,1,5,1
102431,19,83.2,19.8,2,1,1
102432,22,78.9,14.7,4,1,0
102433,19,78.3,20.5,0,2,1
102434,20,58.8,30.0,5,1,0
102435,21,65.5,30.0,3,0,1
102436,22,75.3,26.2,0,2,1
102437,23,64.5,21.8,3,1,1
102438,23,68.7,23.9,1,2,0
102439,24,77.3,27.4,2,4,1
102440,18,67.8,17.2,1,1,1
102441,20,74.7,22.1,3,5,1
102442,18,91.1,30.0,0,0,1
102443,18,69.9,19.8,1,2,1
102444,19,86.2,21.3,1,3,1
102445,22,78.7,25.1,0,6,1
102446,25,54.4,26.4,1,4,1
102447,24,58.8,21.9,1,4,1
102448,23,62.0,25.4,1,2,1
102449,24,61.7,28.0,0,1,1
102450,19,70.9,30.0,1,1,1
102451,24,79.4,24.4,1,2,1
102452,25,87.1,24.8,0,4,1
102453,18,75.7,30.0,0,1,1
102454,21,66.7,22.3,1,3,1
102455,24,47.0,18.4,0,1,0
102456,21,72.8,26.3,3,1,1
102457,24,72.3,30.0,1,0,1
102458,25,74.2,26.8,2,1,1
102459,21,97.3,24.5,3,2,1
102460,18,86.9,17.8,1,5,1
102461,20,81.4,24.7,1,4,1
102462,19,60.5,30.0,1,3,1
102463,21,65.8,18.8,3,1,0
102464,22,70.9,23.8,1,6,1
102465,21,62.7,23.1,0,1,1
102466,19,78.0,21.5,1,1,0
102467,20,76.3,26.2,1,3,1
102468,23,58.9,27.2,0,4,1
102469,18,86.4,27.2,3,2,1
102470,19,73.2,20.1,0,1,0
102471,25,51.3,16.8,0,2,1
102472,18,71.4,26.3,0,8,1
102473,21,75.4,22.5,1,3,1
102474,19,83.7,30.0,1,5,1
102475,18,68.0,30.0,1,5,1
102476,21,81.9,30.0,1,1,0
102477,22,74.2,20.3,3,1,1
102478,19,56.2,27.8,2,2,1
102479,18,55.0,29.4,1,1,0
102480,19,85.5,28.8,1,1,1
102481,23,86.4,23.2,1,5,1
102482,24,75.9,30.0,1,3,1
102483,19,89.9,25.0,0,2,1
102484,20,84.7,25.6,1,3,1
102485,20,80.2,17.3,0,1,1
102486,20,61.1,28.2,0,2,1
102487,19,92.8,23.7,0,2,1
102488,18,78.4,27.3,2,0,1
102489,22,67.4,26.2,2,3,1
102490,20,64.0,25.9,1,2,1
102491,20,75.1,24.8,2,5,1
102492,20,51.9,28.9,3,2,0
102493,25,80.4,24.0,0,2,1
102494,22,60.6,17.7,1,3,1
102495,21,76.4,27.8,0,2,1
102496,19,65.7,21.0,1,0,0
102497,24,68.8,18.4,0,0,1
102498,25,62.9,19.9,2,6,1
102499,18,70.1,26.4,1,3,1
102500,25,94.7,24.5,1,4,1
102501,23,88.6,14.3,0,3,1
102502,18,76.3,23.1,1,2,1
102503,24,71.7,30.0,0,1,1
102504,18,82.1,22.7,0,2,1
102505,18,85.6,24.2,1,3,0
102506,18,62.0,30.0,2,1,1
102507,21,71.1,29.0,3,4,1
102508,22,50.1,30.0,1,4,1
102509,21,85.5,11.1,1,0,0
102510,18,96.8,30.0,0,3,1
102511,19,73.0,28.2,1,1,0
102512,24,46.5,30.0,1,3,0
102513,25,79.3,21.1,1,1,1
102514,24,61.2,16.2,1,4,1
102515,18,64.0,25.0,2,3,1
102516,24,79.5,23.6,1,5,1
102517,23,75.1,28.3,0,6,1
102518,22,66.1,30.0,2,2,1
102519,19,64.2,24.6,2,1,1
102520,25,73.5,23.8,1,1,1
102521,21,67.1,27.6,2,1,1
102522,18,58.7,23.7,1,1,1
102523,19,68.0,23.3,0,4,1
102524,21,76.1,30.0,0,2,1
102525,18,69.9,30.0,0,2,1
102526,20,55.0,30.0,0,2,1
102527,21,83.9,24.2,2,5,1
102528,25,39.1,14.3,1,3,0
102529,18,66.6,24.3,2,2,1
102530,22,64.6,21.2,0,2,0
102531,25,73.8,24.4,1,2,1
102532,24,78.7,21.6,0,5,1
102533,25,85.5,24.9,2,2,1
102534,19,63.5,19.8,2,3,1
102535,24,79.0,18.6,2,1,0
102536,25,74.3,30.0,0,4,1
102537,20,51.5,20.2,1,0,0
102538,21,94.8,25.0,1,3,1
102539,22,54.7,29.8,1,2,1
102540,21,77.0,29.6,2,4,1
102541,20,76.7,29.0,0,4,1
102542,25,75.3,26.5,0,3,1
102543,25,66.1,28.6,2,5,1
102544,21,81.9,30.0,1,2,1
102545,24,53.3,27.1,2,2,1
102546,21,71.2,15.8,1,3,1
102547,24,65.2,22.4,0,2,1
102548,22,63.9,28.5,0,7,1
102549,21,77.1,21.9,1,5,1
102550,19,84.9,30.0,1,2,1
102551,23,67.9,24.7,4,0,0
102552,20,81.4,25.4,0,3,1
102553,19,72.6,30.0,1,5,1
102554,19,61.3,24.1,2,3,1
102555,25,68.9,25.9,1,4,1
102556,18,68.4,29.5,1,2,1
102557,24,63.6,17.6,1,2,1
102558,24,77.1,23.6,3,0,1
102559,18,74.8,29.1,2,1,1
102560,22,52.9,25.3,3,3,0
102561,22,52.2,30.0,1,4,1
102562,20,77.1,17.1,0,3,1
102563,23,62.2,16.5,1,3,1
102564,21,75.6,28.8,0,5,1
102565,21,81.4,29.3,2,1,1
102566,21,56.7,24.0,1,2,1
102567,24,55.1,27.0,1,1,1
102568,23,92.1,28.7,0,3,1
102569,21,76.2,20.9,6,4,1
102570,25,67.0,21.5,2,4,1
102571,24,60.8,25.9,1,3,1
102572,25,65.9,29.5,2,5,1
102573,23,57.7,19.2,0,1,1
102574,21,82.6,24.0,0,5,1
102575,24,62.7,23.8,2,3,1
102576,20,85.1,27.1,3,2,1
102577,20,67.2,25.0,0,1,0
102578,21,59.5,22.3,3,1,1
102579,25,66.9,30.0,1,3,1
102580,22,40.5,22.3,2,2,0
102581,21,70.6,23.5,2,3,1
102582,21,70.0,17.0,1,0,1
102583,20,81.9,21.4,0,2,1
102584,23,49.4,27.6,1,4,0
102585,20,85.9,26.6,1,4,1
102586,22,81.8,28.0,1,8,1
102587,20,87.0,27.8,3,2,1
102588,20,71.4,30.0,2,6,1
102589,25,84.2,21.3,3,5,1
102590,20,54.3,16.9,2,2,1
102591,18,80.6,19.7,2,5,1
102592,21,62.7,21.5,2,3,1
102593,22,52.2,20.1,2,2,1
102594,18,58.5,25.5,1,2,1
102595,20,72.1,30.0,1,2,1
102596,19,62.1,30.0,1,0,0
102597,22,76.5,27.5,0,2,1
102598,23,50.3,30.0,0,3,1
102599,25,46.5,23.2,1,2,1
102600,21,88.5,16.8,2,1,1
102601,24,82.8,30.0,1,0,0
102602,19,59.4,15.8,0,1,0
102603,24,72.0,21.2,1,3,1
102604,22,84.2,27.6,1,4,1
102605,24,77.0,24.5,3,1,1
102606,24,73.8,24.0,2,4,1
102607,22,85.1,19.1,1,0,1
102608,20,63.2,24.9,2,2,1
102609,22,72.4,30.0,0,4,1
102610,24,71.8,25.1,4,2,1
102611,25,68.7,20.8,1,3,1
102612,25,67.3,18.8,1,1,0
102613,19,72.9,21.0,1,5,1
102614,22,72.4,27.0,2,0,1
102615,18,59.4,26.7,0,3,1
102616,23,81.6,21.0,3,4,1
102617,25,60.3,13.9,1,3,1
102618,18,69.4,27.1,1,3,0
102619,23,68.5,20.5,1,3,1
102620,25,76.3,28.4,2,2,1
102621,24,46.6,21.2,1,0,0
102622,21,82.7,20.1,2,3,1
102623,18,63.9,25.8,0,2,1
102624,25,86.6,30.0,0,3,1
102625,25,66.3,28.7,0,0,0
102626,22,71.4,25.7,0,3,1
102627,25,95.0,26.8,1,2,1
102628,18,68.7,16.2,1,2,1
102629,22,86.9,19.4,0,1,1
102630,18,72.5,12.4,0,4,1
102631,25,77.0,30.0,0,4,1
102632,23,72.8,30.0,1,2,1
102633,25,82.2,27.0,2,2,1
102634,22,63.8,25.7,0,4,1
102635,18,60.2,17.2,2,2,1
102636,18,64.3,23.9,5,2,1
102637,20,73.2,30.0,2,1,0
102638,23,69.4,25.7,1,2,1
102639,19,80.5,22.2,2,1,1
102640,24,87.7,16.2,0,1,0
102641,19,60.3,30.0,1,2,1
102642,21,63.2,24.6,1,4,1
102643,19,54.8,16.2,1,3,1
102644,21,96.4,20.4,0,3,1
102645,21,75.7,18.6,0,2,1
102646,18,77.8,24.3,1,2,1
102647,22,55.9,26.0,2,3,1
102648,24,72.0,22.5,4,3,1
102649,25,78.1,28.9,1,3,1
102650,20,69.0,25.4,0,5,1
102651,25,84.9,30.0,1,1,1
102652,25,99.7,23.2,1,3,1
102653,25,60.6,30.0,1,1,1
102654,20,59.7,22.2,0,1,1
102655,24,61.5,20.5,0,2,0
102656,22,91.3,19.9,3,3,1
102657,18,84.5,23.9,3,1,1
102658,20,70.4,16.4,1,2,1
102659,23,72.4,26.5,1,2,1
102660,19,62.2,15.5,2,2,0
102661,21,82.7,25.8,1,3,1
102662,24,67.4,18.2,2,1,1
102663,19,68.9,23.1,2,1,0
102664,21,79.3,28.0,2,2,1
102665,19,69.7,30.0,1,1,1
102666,22,69.2,19.6,4,1,1
102667,19,72.1,24.2,2,2,1
102668,25,81.5,21.4,0,0,0
102669,18,91.8,20.7,2,5,1
102670,25,79.0,21.4,0,3,1
102671,24,81.6,29.1,1,1,1
102672,24,69.6,22.6,1,1,1
102673,24,63.5,30.0,1,2,1
102674,19,79.8,27.1,1,4,1
102675,25,74.1,19.9,1,3,1
102676,22,54.9,23.2,2,4,1
102677,25,68.1,21.0,0,4,1
102678,25,71.0,29.0,1,3,0
102679,22,65.9,16.8,0,2,1
102680,20,89.8,18.3,3,4,1
102681,18,77.8,22.0,0,2,1
102682,18,88.5,28.4,2,3,1
102683,21,75.2,30.0,1,3,1
102684,24,73.0,30.0,0,4,0
102685,22,60.8,27.6,0,4,1
102686,21,72.1,24.6,4,0,1
102687,19,72.2,29.0,2,1,1
102688,22,55.6,19.3,2,1,1
102689,23,65.5,15.8,0,4,1
102690,25,68.1,27.2,3,0,1
102691,23,77.0,20.0,0,5,1
102692,22,77.5,24.7,1,0,0
102693,25,65.0,25.6,0,2,1
102694,21,77.6,26.2,1,2,1
102695,25,69.8,29.7,2,3,1
102696,20,37.6,29.2,2,3,1
102697,19,66.2,26.0,0,1,0
102698,21,84.9,22.8,1,2,1
102699,19,51.8,25.5,2,4,1
102700,18,73.4,22.0,0,1,1
102701,25,91.0,24.0,2,6,1
102702,24,62.9,30.0,0,4,1
102703,19,72.0,25.9,0,2,1
102704,24,56.4,27.3,1,3,1
102705,18,91.5,21.5,1,5,1
102706,20,71.0,30.0,1,3,1
102707,23,72.6,28.8,0,5,1
102708,20,88.3,28.8,3,0,1
102709,23,79.9,26.1,1,3,1
102710,24,61.5,30.0,2,2,1
102711,18,64.2,30.0,0,2,1
102712,18,77.9,26.4,0,6,1
102713,25,64.5,24.4,0,2,0
102714,22,46.6,29.5,1,0,0
102715,22,71.4,20.5,1,2,1
102716,21,54.2,21.4,0,2,1
102717,21,91.4,24.7,0,3,1
102718,23,74.1,16.3,0,3,1
102719,22,61.1,29.1,1,1,0
102720,19,63.6,20.2,4,0,1
102721,23,49.3,22.6,1,2,0
102722,23,58.8,23.9,1,4,1
102723,18,84.2,25.2,2,3,1
102724,21,98.8,23.3,0,1,1
102725,24,80.7,24.7,0,3,1
102726,22,70.9,24.7,0,0,1
102727,19,66.8,22.8,1,1,1
102728,18,60.5,21.1,2,2,1
102729,22,96.7,30.0,3,2,1
102730,21,69.7,14.5,1,4,1
102731,25,97.4,24.0,3,4,1
102732,22,88.7,22.7,2,3,1
102733,25,51.1,27.1,2,4,1
102734,19,64.0,17.7,0,2,1
102735,21,64.0,22.5,2,0,0
102736,19,71.0,24.5,1,2,1
102737,22,71.3,30.0,3,3,1
102738,19,100.0,26.7,0,7,1
102739,21,59.1,19.1,1,2,1
102740,20,74.7,22.6,1,2,1
102741,19,79.4,29.4,2,1,1
102742,18,72.0,19.0,1,2,1
102743,22,73.3,24.6,1,1,1
102744,25,59.5,25.0,3,3,1
102745,19,73.3,23.1,0,1,0
102746,21,78.1,30.0,1,5,1
102747,19,75.9,22.9,2,3,1
102748,24,78.8,27.2,2,1,1
102749,21,89.0,21.2,2,1,1
102750,25,83.2,27.6,3,4,1
102751,19,72.9,29.4,0,1,1
102752,18,57.9,22.1,1,1,1
102753,22,64.8,24.7,0,2,1
102754,23,69.4,20.5,1,1,0
102755,25,75.0,19.3,2,2,1
102756,24,66.3,30.0,1,0,1
102757,25,60.8,22.2,0,4,1
102758,23,57.7,12.9,1,4,1
102759,20,52.2,30.0,1,4,1
102760,21,69.2,21.0,1,2,1
102761,19,54.4,23.8,1,4,1
102762,21,60.0,30.0,1,1,0
102763,20,67.3,24.3,2,2,1
102764,18,56.0,24.2,2,2,0
102765,19,76.6,18.9,2,3,1
102766,22,80.9,16.8,4,0,1
102767,20,65.4,24.2,0,2,1
102768,25,66.8,26.8,2,3,1
102769,21,78.4,26.5,0,2,1
102770,25,63.4,22.6,0,5,1
102771,23,62.6,25.1,0,4,1
102772,18,86.4,15.8,1,6,1
102773,19,82.6,27.3,2,0,1
102774,23,79.2,25.8,1,4,1
102775,22,83.1,30.0,1,0,1
102776,20,48.3,25.0,0,4,1
102777,22,88.2,20.3,2,3,1
102778,25,76.7,24.7,1,2,1
102779,21,84.1,23.4,0,2,1
102780,18,76.6,27.2,0,1,1
102781,20,72.6,25.1,3,3,1
102782,25,68.7,18.7,3,1,1
102783,24,76.4,16.8,2,1,1
102784,24,68.3,26.3,1,4,1
102785,25,82.4,30.0,2,5,1
102786,18,53.0,25.4,1,5,1
102787,20,65.5,29.1,2,5,1
102788,18,96.5,30.0,0,1,1
102789,18,64.5,26.3,3,2,1
102790,24,69.1,20.9,1,2,0
102791,25,61.4,26.0,2,0,1
102792,19,76.0,30.0,0,4,1
102793,23,63.2,27.6,1,2,0
102794,22,69.8,28.7,0,3,0
102795,18,82.2,22.7,0,1,1
102796,25,63.6,24.0,1,2,1
102797,24,81.5,24.4,3,1,1
102798,22,81.9,24.7,1,4,1
102799,23,84.7,30.0,1,3,1
102800,21,73.7,13.3,0,0,0
102801,24,100.0,25.2,0,1,1
102802,21,84.7,24.6,1,1,1
102803,25,75.9,18.1,0,3,1
102804,18,61.5,28.4,1,2,1
102805,19,70.8,21.4,1,2,1
102806,25,89.1,23.2,1,4,1
102807,20,92.5,30.0,0,1,1
102808,20,89.7,30.0,2,4,1
102809,24,81.4,27.9,1,1,1
102810,19,56.9,26.9,0,2,1
102811,22,77.8,24.2,1,6,1
102812,20,57.1,30.0,2,3,1
102813,19,54.2,29.0,2,2,1
102814,25,74.9,21.3,2,6,1
102815,19,78.3,18.0,2,2,1
102816,18,82.8,27.8,3,1,1
102817,23,78.0,24.7,0,2,1
102818,24,78.4,17.9,1,6,1
102819,19,60.2,27.1,2,2,1
102820,23,70.7,23.7,0,3,1
102821,22,53.9,27.7,2,4,1
102822,24,48.0,27.2,0,2,1
102823,19,80.9,22.0,0,3,1
102824,25,63.0,28.2,2,0,0
102825,22,82.5,22.5,2,0,1
102826,24,85.3,22.8,0,3,0
102827,20,64.6,22.3,0,5,1
102828,25,79.1,30.0,0,6,1
102829,23,64.1,23.6,3,3,1
102830,19,49.8,30.0,3,3,1
102831,25,73.5,30.0,0,2,1
102832,24,66.3,21.3,2,5,1
102833,20,66.7,10.4,1,4,1
102834,22,95.7,30.0,1,1,1
102835,21,53.7,23.3,2,3,1
102836,22,76.6,20.7,1,0,1
102837,25,60.1,22.1,1,2,1
102838,25,82.9,22.9,2,2,1
102839,19,75.6,30.0,2,4,1
102840,25,76.6,25.8,1,3,1
102841,21,60.7,30.0,2,1,1
102842,23,62.8,27.5,2,1,1
102843,24,83.1,23.5,3,1,1
102844,21,93.2,23.0,4,1,1
102845,21,77.8,27.8,0,2,1
102846,21,61.2,29.1,2,6,1
102847,24,76.1,30.0,1,5,1
102848,21,100.0,23.7,0,2,1
102849,20,73.2,25.9,1,2,1
102850,20,89.5,27.9,1,1,1
102851,19,63.1,23.1,2,1,0
102852,21,71.5,19.3,2,1,1
102853,18,79.4,21.0,0,3,1
102854,18,76.8,23.8,1,3,1
102855,23,62.8,28.3,1,2,1
102856,18,62.3,30.0,1,2,1
102857,22,83.9,18.2,0,2,1
102858,24,86.3,22.0,0,2,1
102859,23,90.1,23.2,1,1,1
102860,21,93.6,29.0,1,1,1
102861,19,73.6,22.4,0,2,1
102862,25,68.3,22.9,2,3,1
102863,24,88.2,17.9,0,1,1
102864,22,80.6,27.4,0,1,1
102865,18,60.2,24.2,1,3,1
102866,18,59.6,21.7,1,1,0
102867,20,77.9,23.7,0,4,1
102868,19,69.9,30.0,1,4,1
102869,24,71.7,20.0,1,0,1
102870,19,84.9,20.8,1,5,1
102871,20,81.1,30.0,1,1,1
102872,25,88.0,25.4,0,2,1
102873,24,48.8,28.3,1,1,1
102874,19,75.0,27.0,0,0,1
102875,21,80.3,24.8,0,3,1
102876,22,53.7,23.3,1,2,1
102877,23,64.1,29.2,3,5,1
102878,25,61.9,30.0,3,2,1
102879,24,72.3,30.0,3,4,1
102880,25,91.5,19.1,4,3,1
102881,18,96.3,30.0,1,3,1
102882,19,62.2,23.2,1,1,0
102883,22,78.3,21.2,0,4,1
102884,18,78.7,24.2,4,5,1
102885,20,76.7,29.2,0,1,1
102886,19,76.8,27.7,1,1,1
102887,25,75.6,23.7,1,3,1
102888,18,92.3,29.2,0,4,1
102889,19,85.2,25.7,2,0,1
102890,19,59.3,22.1,2,2,1
102891,19,81.5,21.5,2,2,1
102892,22,82.7,27.1,1,3,1
102893,20,75.8,24.6,0,1,1
102894,25,85.6,18.1,1,7,1
102895,20,74.3,29.2,1,4,1
102896,22,74.4,22.6,2,2,1
102897,23,73.5,30.0,2,3,1
102898,23,47.8,18.0,3,2,1
102899,24,71.0,24.1,2,3,1
102900,19,64.0,21.5,3,3,1
102901,22,57.8,20.1,2,2,0
102902,24,89.2,22.6,2,2,1
102903,24,78.1,30.0,1,1,1
102904,22,71.6,25.7,1,1,1
102905,23,65.2,21.0,1,1,1
102906,24,75.6,15.9,2,2,1
102907,22,83.9,16.4,2,3,1
102908,25,62.1,22.3,4,1,1
102909,19,71.9,21.8,0,1,0
102910,20,82.4,23.9,0,3,1
102911,18,48.8,13.6,1,0,1
102912,18,71.3,24.5,1,1,1
102913,21,66.8,30.0,0,3,1
102914,19,70.4,30.0,1,2,1
102915,21,66.0,15.5,0,4,1
102916,21,73.7,21.0,3,0,1
102917,22,95.1,20.7,1,2,1
102918,25,68.1,25.7,1,3,1
102919,24,75.5,18.9,1,0,0
102920,21,95.9,30.0,4,4,1
102921,20,65.4,25.2,0,3,1
102922,24,93.8,24.4,0,1,0
102923,18,72.1,30.0,2,4,0
102924,22,93.4,24.9,1,4,1
102925,21,81.0,27.0,1,2,1
102926,19,75.7,21.2,0,1,1
102927,22,71.2,18.1,0,2,1
102928,20,64.5,21.9,1,0,1
102929,19,72.9,30.0,1,4,1
102930,23,82.8,28.2,1,5,1
102931,19,71.8,26.4,1,2,1
102932,23,68.2,20.1,0,1,1
102933,19,69.0,29.6,3,2,1
102934,21,83.9,18.2,0,2,1
102935,24,86.7,17.2,0,1,1
102936,19,64.0,22.2,0,1,1
102937,24,64.0,30.0,1,2,1
102938,23,76.6,30.0,0,2,0
102939,25,90.3,22.7,0,0,0
102940,19,85.8,21.6,0,0,1
102941,23,57.0,16.8,1,2,0
102942,25,68.8,25.4,1,1,1
102943,24,60.8,25.8,2,4,1
102944,19,68.8,28.9,0,1,1
102945,24,91.3,29.6,2,3,1
102946,18,54.9,24.0,0,2,1
102947,22,52.6,27.8,0,1,0
102948,21,62.1,21.5,0,1,1
102949,22,75.4,27.7,2,6,1
102950,22,79.4,22.5,0,2,1
102951,18,77.2,27.3,0,5,1
102952,22,86.1,26.9,0,3,0
102953,25,50.8,25.3,1,3,1
102954,21,86.3,29.0,6,2,1
102955,20,68.3,17.1,0,3,1
102956,25,80.8,19.7,0,0,0
102957,18,56.1,23.6,2,3,1
102958,21,72.1,17.8,3,6,1
102959,22,74.8,23.0,0,2,1
102960,21,85.9,23.1,1,5,1
102961,25,53.0,30.0,1,2,1
102962,21,72.4,25.7,0,2,1
102963,25,59.0,30.0,1,2,0
102964,18,78.1,26.5,2,2,1
102965,23,81.3,22.3,1,2,0
102966,22,87.4,25.7,0,2,1
102967,19,65.6,28.6,4,3,1
102968,19,83.1,30.0,1,3,1
102969,23,88.3,24.3,5,3,1
102970,23,52.3,16.8,2,3,1
102971,22,79.3,16.4,2,5,1
102972,18,83.5,23.4,2,2,1
102973,22,68.9,13.3,0,2,1
102974,25,57.5,30.0,1,5,1
102975,18,83.3,28.0,1,2,1
102976,21,57.6,21.8,0,2,1
102977,21,69.9,19.5,0,1,1
102978,25,71.5,30.0,4,0,1
102979,20,80.6,19.4,0,1,1
102980,21,64.5,19.9,0,0,0
102981,23,63.8,21.2,1,6,1
102982,18,73.2,25.6,3,3,1
102983,24,84.1,28.1,3,5,1
102984,24,99.4,30.0,1,3,0
102985,23,53.9,30.0,3,3,1
102986,23,75.8,25.0,2,5,1
102987,23,59.0,30.0,0,2,1
102988,24,84.2,21.6,2,1,0
102989,25,60.7,15.9,1,2,1
102990,21,63.9,21.6,1,1,1
102991,21,64.9,21.0,1,0,0
102992,23,71.1,21.8,1,3,1
102993,19,75.9,20.2,1,2,0
102994,24,77.8,22.7,2,2,1
102995,24,71.9,28.1,3,2,1
102996,23,56.0,30.0,2,1,1
102997,20,80.7,16.4,3,0,0
102998,20,71.4,18.6,1,2,1
102999,21,85.9,21.0,0,3,1
103000,23,63.5,28.8,2,4,1
103001,24,52.8,24.0,1,6,1
103002,23,71.6,21.4,5,2,1
103003,25,87.6,28.6,2,1,1
103004,25,73.9,29.8,2,2,1
103005,23,69.6,24.9,1,1,0
103006,20,61.6,20.9,3,3,1
103007,22,93.1,26.4,0,3,1
103008,21,59.6,23.8,0,3,1
103009,23,63.3,23.8,0,4,1
103010,24,78.8,22.4,0,5,1
103011,20,49.7,29.6,1,4,1
103012,22,87.3,26.2,0,4,1
103013,18,79.5,30.0,1,0,1
103014,23,82.8,30.0,0,1,0
103015,21,78.7,27.3,3,2,1
103016,21,70.1,22.5,1,2,1
103017,22,59.2,30.0,2,2,0
103018,19,70.3,27.3,2,1,1
103019,22,60.3,30.0,0,5,1
103020,23,77.8,26.6,2,2,1
103021,20,81.7,28.5,0,1,1
103022,19,89.7,26.5,1,6,1
103023,21,76.5,24.5,2,5,1
103024,19,83.1,23.7,1,1,0
103025,20,68.4,26.5,1,3,1
103026,23,66.3,27.6,0,3,1
103027,18,77.7,30.0,2,3,1
103028,23,67.4,26.5,0,5,1
103029,19,75.2,22.7,2,1,1
103030,25,59.3,23.4,2,2,1
103031,23,61.4,18.4,3,3,1
103032,20,79.6,30.0,3,4,1
103033,22,82.6,22.3,1,2,1
103034,18,60.2,29.8,1,1,1
103035,18,80.0,26.4,1,1,1
103036,25,65.6,26.5,2,1,1
103037,24,72.2,24.4,3,6,1
103038,19,89.0,21.1,2,3,1
103039,20,81.7,20.2,1,1,1
103040,19,81.6,30.0,1,1,1
103041,21,94.9,25.6,1,2,1
103042,20,63.6,30.0,0,3,1
103043,20,60.2,30.0,0,4,1
103044,22,63.3,22.9,0,2,1
103045,19,68.9,27.1,2,2,1
103046,25,43.7,25.2,1,3,1
103047,23,69.5,19.2,2,1,1
103048,24,65.5,24.1,0,0,1
103049,19,81.4,27.9,2,1,1
103050,23,76.2,22.5,0,2,1
103051,24,64.8,23.4,4,4,1
103052,19,79.1,24.1,1,3,1
103053,24,80.7,30.0,0,2,1
103054,20,62.8,15.8,1,3,1
103055,24,66.1,27.5,2,2,1
103056,21,45.3,23.7,0,6,1
103057,24,58.9,21.8,2,2,1
103058,19,63.1,23.6,1,2,1
103059,21,72.9,28.3,1,3,0
103060,20,60.7,28.6,1,0,0
103061,19,65.8,25.9,0,3,1
103062,20,57.3,30.0,0,8,1
103063,21,74.1,30.0,0,1,1
103064,19,77.1,29.1,2,1,1
103065,23,76.8,22.3,0,5,1
103066,22,72.1,27.5,1,3,1
103067,24,53.5,27.5,1,1,0
103068,23,64.6,20.9,2,2,1
103069,19,67.1,17.2,6,3,1
103070,18,67.2,14.9,0,2,1
103071,21,72.9,25.3,2,2,0
103072,21,89.1,26.5,0,4,1
103073,19,81.7,19.1,0,1,1
103074,24,60.1,30.0,1,4,1
103075,22,80.1,25.8,0,2,1
103076,23,79.7,30.0,0,1,1
103077,18,62.3,26.9,1,2,1
103078,24,82.2,19.7,0,1,1
103079,19,70.1,27.3,1,1,1
103080,21,55.1,28.4,0,1,1
103081,21,77.5,22.3,1,2,1
103082,24,74.6,17.8,0,2,1
103083,20,69.3,25.5,2,2,1
103084,19,71.6,20.0,0,1,1
103085,20,63.4,30.0,1,3,1
103086,20,79.3,23.0,3,4,1
103087,19,71.5,30.0,0,2,1
103088,19,74.0,14.4,3,4,1
103089,19,76.3,25.7,0,0,0
103090,21,58.1,30.0,0,4,1
103091,20,61.3,20.5,2,5,1
103092,21,45.5,24.2,1,3,1
103093,23,78.8,23.0,2,2,1
103094,19,57.5,21.6,3,2,1
103095,25,73.6,26.2,0,3,1
103096,24,76.5,18.5,0,3,1
103097,19,79.2,24.4,0,1,0
103098,20,57.6,27.6,2,3,1
103099,19,71.2,23.9,3,1,1
103100,20,92.0,20.0,0,3,1
103101,20,92.6,30.0,4,2,1
103102,19,83.8,28.7,1,0,1
103103,18,76.0,19.8,1,2,1
103104,21,59.9,18.5,0,2,1
103105,23,80.6,20.2,0,4,1
103106,20,70.1,27.7,2,5,1
103107,24,78.7,26.4,1,2,1
103108,20,64.4,29.0,1,3,1
103109,25,69.9,23.4,2,5,1
103110,19,74.0,20.4,2,1,1
103111,22,75.0,29.6,1,4,1
103112,24,77.9,22.2,2,2,1
103113,18,65.0,25.9,1,2,1
103114,25,55.9,17.3,1,2,1
103115,20,91.5,22.2,1,1,1
103116,21,100.0,30.0,0,4,1
103117,23,77.4,21.4,0,3,1
103118,23,56.1,29.1,1,5,1
103119,18,62.7,13.3,0,3,1
103120,24,78.1,22.2,1,3,1
103121,22,88.1,24.1,2,2,1
103122,25,57.4,30.0,0,1,1
103123,21,70.5,19.2,0,3,1
103124,22,74.4,28.4,2,3,1
103125,21,82.4,30.0,1,5,1
103126,25,67.9,21.4,1,6,1
103127,24,53.2,23.1,0,7,1
103128,25,79.5,25.7,1,2,1
103129,22,85.5,17.6,3,4,1
103130,24,71.0,22.7,0,2,0
103131,20,76.9,30.0,1,2,1
103132,21,66.3,27.6,0,7,1
103133,24,61.9,24.2,1,0,1
103134,18,84.3,25.6,2,2,1
103135,23,76.6,27.9,1,2,1
103136,18,77.9,28.9,2,1,1
103137,22,90.0,22.2,1,1,1
103138,21,59.3,30.0,0,3,1
103139,21,65.4,30.0,1,3,1
103140,21,73.9,28.4,0,1,0
103141,21,65.2,20.8,0,1,1
103142,21,81.4,19.9,3,2,1
103143,21,69.8,23.4,2,2,1
103144,22,60.1,25.3,1,1,0
103145,24,72.8,16.2,2,6,1
103146,22,74.0,27.5,0,2,1
103147,23,83.2,30.0,2,2,1
103148,24,76.7,27.9,1,2,1
103149,25,77.5,21.6,2,2,1
103150,18,75.8,21.0,2,2,0
103151,23,69.7,26.5,2,2,1
103152,19,63.4,24.2,0,3,1
103153,19,75.5,27.2,0,4,1
103154,24,68.0,28.0,2,2,1
103155,18,92.3,30.0,0,5,1
103156,24,88.1,19.3,1,2,1
103157,24,79.6,26.1,1,3,1
103158,25,76.5,23.2,2,2,1
103159,23,70.9,24.5,0,0,1
103160,24,56.9,29.3,0,3,1
103161,18,69.4,29.9,2,3,1
103162,25,73.2,30.0,2,1,1
103163,19,74.8,27.1,2,4,1
103164,20,77.6,24.4,1,1,0
103165,19,83.1,23.7,0,2,1
103166,21,63.7,16.3,0,1,1
103167,23,63.8,30.0,0,2,1
103168,20,89.4,23.4,2,0,1
103169,24,81.3,27.5,0,3,1
103170,22,67.3,28.4,1,1,1
103171,23,70.7,18.8,0,3,1
103172,25,70.8,20.4,0,1,1
103173,21,72.4,30.0,2,4,1
103174,20,77.7,26.5,0,3,1
103175,25,100.0,22.1,0,5,1
103176,22,74.3,24.4,1,1,0
103177,22,80.0,30.0,3,3,1
103178,20,51.8,29.7,2,2,1
103179,19,66.2,17.7,1,1,1
103180,19,86.7,30.0,1,4,1
103181,19,76.8,29.8,1,4,1
103182,19,35.0,24.2,2,4,1
103183,23,80.1,19.0,1,3,1
103184,18,95.0,30.0,1,2,1
103185,23,48.0,27.4,1,5,1
103186,25,90.2,17.7,1,1,1
103187,24,38.7,23.8,2,3,1
103188,21,83.3,30.0,1,4,1
103189,18,71.9,25.1,0,1,1
103190,24,43.8,21.3,1,1,0
103191,18,77.4,20.0,2,4,1
103192,23,85.8,30.0,0,0,1
103193,23,76.4,29.2,1,1,1
103194,19,79.0,30.0,2,0,0
103195,23,67.1,26.2,2,1,1
103196,19,49.7,30.0,2,7,1
103197,19,80.3,20.8,3,3,1
103198,24,93.0,25.8,1,4,1
103199,25,85.6,26.4,0,2,1
103200,20,48.1,30.0,4,3,1
103201,25,53.8,26.6,3,3,0
103202,25,61.8,21.9,2,2,1
103203,24,52.9,25.3,1,5,1
103204,19,72.5,16.6,0,0,1
103205,20,76.7,13.4,3,0,0
103206,23,54.8,29.2,0,0,1
103207,25,81.3,23.1,4,1,1
103208,24,79.2,23.7,1,3,1
103209,21,65.4,29.2,2,2,1
103210,19,69.9,30.0,2,3,1
103211,25,48.6,27.7,0,3,1
103212,20,68.0,30.0,3,6,1
103213,20,72.1,27.5,1,1,1
103214,25,74.0,26.5,1,3,1
103215,22,76.5,26.2,1,1,1
103216,20,74.9,18.6,0,5,1
103217,18,68.8,29.8,1,4,1
103218,21,75.4,12.8,0,3,0
103219,25,84.0,22.1,0,1,1
103220,21,70.9,25.1,3,2,1
103221,23,75.8,21.1,3,3,1
103222,20,69.8,22.7,0,3,0
103223,24,64.2,30.0,0,3,1
103224,24,78.3,30.0,1,0,0
103225,22,65.3,21.6,1,1,1
103226,24,76.6,22.7,3,3,1
103227,22,72.3,18.6,2,2,1
103228,21,68.4,28.5,1,1,1
103229,23,68.1,23.8,1,3,1
103230,24,65.9,15.2,1,3,1
103231,24,52.3,25.5,1,2,1
103232,19,76.6,27.2,1,3,1
103233,23,74.8,29.8,3,2,1
103234,18,82.2,24.6,2,3,1
103235,22,65.6,23.1,4,0,1
103236,22,94.7,30.0,0,4,1
103237,20,67.4,25.0,3,0,0
103238,25,61.5,28.6,1,4,1
103239,25,60.1,22.3,2,0,1
103240,18,51.2,28.4,1,4,1
103241,19,90.4,17.7,2,1,1
103242,19,88.5,22.7,2,5,1
103243,25,79.2,19.0,1,1,0
103244,22,61.2,22.0,3,1,1
103245,23,93.7,30.0,0,2,1
103246,24,67.8,21.9,0,3,1
103247,24,68.8,28.6,2,2,0
103248,18,89.2,30.0,2,2,1
103249,19,79.9,24.9,2,2,1
103250,21,98.4,30.0,1,7,1
103251,20,75.0,27.7,4,1,1
103252,23,67.2,25.6,1,0,1
103253,19,64.7,28.8,1,4,1
103254,20,49.8,30.0,1,0,1
103255,19,68.7,21.8,2,1,1
103256,19,85.7,20.2,1,2,1
103257,19,79.2,19.9,2,0,1
103258,19,72.2,30.0,1,4,1
103259,22,60.1,30.0,0,2,1
103260,21,74.7,22.3,1,4,1
103261,21,84.2,14.3,4,0,1
103262,21,77.2,21.6,0,1,1
103263,23,74.0,27.7,2,6,1
103264,24,62.4,24.7,0,1,1
103265,22,82.4,25.9,1,1,1
103266,23,35.0,22.4,2,3,0
103267,23,76.6,30.0,0,3,1
103268,23,100.0,26.7,2,3,1
103269,19,53.9,27.9,1,0,1
103270,25,69.1,25.8,0,2,1
103271,19,71.9,27.6,1,3,1
103272,21,66.4,27.3,4,2,1
103273,23,84.4,20.4,0,0,0
103274,21,77.7,26.9,1,2,1
103275,19,73.8,29.0,1,2,1
103276,25,81.6,30.0,1,2,1
103277,18,72.2,27.1,0,1,1
103278,19,100.0,20.2,2,3,1
103279,25,73.8,20.9,2,2,1
103280,23,74.3,22.8,1,4,1
103281,18,51.5,25.9,1,3,1
103282,24,65.5,24.4,0,4,1
103283,25,85.8,19.4,1,1,1
103284,18,56.0,19.4,1,2,1
103285,21,46.1,14.5,1,2,1
103286,21,72.4,10.0,0,2,1
103287,19,88.4,24.3,1,2,1
103288,19,72.5,30.0,2,3,1
103289,19,68.0,30.0,1,3,1
103290,19,49.7,20.1,5,2,1
103291,21,77.4,25.7,0,2,1
103292,21,79.9,17.7,0,1,1
103293,19,50.6,18.4,1,4,0
103294,20,85.6,19.0,2,1,1
103295,19,81.2,23.9,0,3,1
103296,24,85.6,24.1,0,4,1
103297,19,79.0,26.3,2,2,1
103298,25,79.8,28.3,0,3,1
103299,22,78.2,23.3,1,2,1
103300,24,82.4,25.2,1,2,1
103301,23,50.2,19.5,0,3,1
103302,20,54.0,18.3,3,4,1
103303,22,63.2,17.5,3,3,1
103304,20,70.4,28.2,1,3,0
103305,18,76.7,23.3,2,0,1
103306,20,75.9,15.6,0,1,0
103307,20,85.4,24.7,0,5,1
103308,19,85.8,18.8,0,1,1
103309,18,61.5,30.0,1,1,1
103310,25,74.9,22.1,0,5,1
103311,22,61.8,28.4,1,0,0
103312,21,69.7,30.0,2,4,1
103313,25,75.9,20.2,2,1,1
103314,19,35.0,25.4,2,5,1
103315,21,100.0,27.8,2,2,1
103316,24,78.8,25.6,1,1,1
103317,23,64.9,26.8,1,4,1
103318,21,95.1,18.4,0,1,1
103319,20,67.8,27.8,1,3,1
103320,18,73.6,22.6,1,2,1
103321,18,66.2,26.7,4,2,1
103322,19,91.8,29.6,1,3,1
103323,24,70.7,28.3,0,5,1
103324,23,73.8,26.7,1,1,1
103325,21,86.4,28.2,1,2,1
103326,24,79.0,28.4,1,5,1
103327,19,71.3,30.0,0,3,1
103328,19,85.3,24.8,0,2,1
103329,21,100.0,25.8,1,2,1
103330,25,75.8,29.7,0,2,1
103331,22,73.4,22.5,0,0,0
103332,24,74.0,18.3,2,3,0
103333,19,87.7,27.5,2,2,1
103334,24,64.8,24.0,0,0,0
103335,18,68.7,19.0,2,2,1
103336,19,53.6,27.5,4,5,1
103337,22,57.8,30.0,1,2,1
103338,18,65.8,16.9,2,2,1
103339,24,71.3,30.0,2,2,1
103340,24,93.2,12.3,1,1,0
103341,22,78.4,23.0,0,5,1
103342,20,61.1,30.0,1,2,1
103343,18,63.3,23.4,3,3,0
103344,22,88.5,25.4,3,1,1
103345,22,85.5,28.8,1,0,1
103346,24,72.3,16.4,0,3,0
103347,22,66.7,25.4,3,0,0
103348,19,85.5,25.3,1,1,1
103349,18,60.1,30.0,2,3,1
103350,24,76.7,18.8,1,3,1
103351,19,99.3,23.1,2,6,1
103352,25,74.5,20.4,1,1,1
103353,18,62.7,19.8,0,4,1
103354,23,76.9,30.0,2,4,0
103355,25,66.4,25.1,0,2,1
103356,21,55.3,22.2,5,3,1
103357,18,80.4,22.4,0,6,1
103358,25,85.4,22.2,3,2,1
103359,19,68.3,22.6,2,1,1
103360,22,67.5,18.7,4,7,1
103361,25,60.5,23.7,1,1,0
103362,23,70.2,23.2,5,1,1
103363,18,65.3,21.2,1,2,0
103364,24,59.9,25.8,3,5,1
103365,19,94.7,26.2,1,5,1
103366,23,77.6,22.2,4,1,1
103367,22,78.9,24.3,0,0,1
103368,20,82.6,30.0,2,5,1
103369,21,81.3,30.0,0,4,1
103370,18,67.0,19.7,1,1,0
103371,25,75.3,20.4,1,3,0
103372,19,68.8,19.7,1,4,1
103373,20,77.3,30.0,0,1,0
103374,22,76.1,23.0,0,4,1
103375,23,67.4,26.2,0,2,1
103376,22,56.0,30.0,2,4,1
103377,22,73.8,24.9,2,4,1
103378,22,69.5,28.5,0,1,1
103379,24,49.3,27.6,3,5,1
103380,21,78.1,22.1,1,5,1
103381,24,83.6,30.0,1,4,1
103382,24,100.0,20.8,1,1,1
103383,25,67.3,30.0,0,5,1
103384,25,65.5,22.1,1,4,1
103385,24,58.7,22.6,1,2,1
103386,19,74.5,19.6,0,2,1
103387,24,74.4,20.4,1,4,1
103388,23,62.3,22.9,2,1,1
103389,20,69.9,12.8,1,2,1
103390,23,48.3,23.8,3,2,1
103391,20,83.1,22.5,2,4,1
103392,22,62.8,29.0,0,2,1
103393,24,71.6,27.1,0,5,1
103394,19,54.9,21.5,0,0,0
103395,20,65.0,22.7,0,1,1
103396,24,68.6,23.8,2,2,1
103397,21,71.9,30.0,4,2,1
103398,25,77.8,20.9,1,1,1
103399,18,89.3,21.4,0,1,1
103400,23,80.8,19.4,1,3,1
103401,24,83.5,17.6,0,0,0
103402,25,89.4,26.5,0,3,1
103403,19,78.8,26.0,1,3,1
103404,25,71.6,30.0,3,1,1
103405,21,84.1,30.0,1,2,1
103406,20,84.9,30.0,0,2,1
103407,20,79.8,24.6,3,4,1
103408,23,54.5,23.7,1,2,1
103409,23,61.9,18.5,3,4,1
103410,21,68.7,28.5,0,7,1
103411,18,81.4,25.6,1,4,1
103412,25,71.7,28.3,0,1,1
103413,19,85.6,19.3,2,1,0
103414,18,87.8,26.8,1,1,1
103415,22,86.4,26.0,2,3,1
103416,21,86.5,25.7,0,2,1
103417,22,59.6,21.6,4,5,1
103418,25,77.8,30.0,0,7,1
103419,18,64.7,30.0,2,3,1
103420,20,52.2,19.4,0,3,0
103421,22,68.6,28.6,0,2,0
103422,24,87.9,10.6,0,2,1
103423,22,77.5,28.3,0,2,1
103424,21,96.2,15.6,1,2,1
103425,22,74.1,22.4,1,2,1
103426,25,100.0,18.4,1,3,1
103427,21,74.1,23.9,0,6,1
103428,25,72.3,29.2,0,1,0
103429,24,56.6,15.7,1,4,1
103430,20,85.3,23.2,0,4,1
103431,19,66.0,22.4,2,3,1
103432,24,64.2,30.0,0,3,1
103433,19,87.4,27.2,0,1,1
103434,20,85.9,19.1,2,2,1
103435,19,85.6,22.6,3,6,1
103436,22,67.7,30.0,2,2,1
103437,20,71.4,28.6,4,3,1
103438,23,71.3,20.4,1,2,1
103439,25,81.4,23.7,2,4,1
103440,24,90.6,23.8,3,2,0
103441,25,76.4,22.3,1,2,1
103442,18,95.7,16.4,1,4,1
103443,21,82.8,21.6,1,3,0
103444,19,69.2,30.0,0,1,1
103445,25,81.9,23.1,0,2,1
103446,23,92.5,24.5,3,4,1
103447,20,96.0,25.7,1,0,0
103448,22,86.2,30.0,0,3,1
103449,22,72.3,25.0,2,2,1
103450,21,69.4,30.0,3,6,1
103451,21,78.9,22.0,2,2,1
103452,18,92.1,23.7,1,1,1
103453,21,77.2,25.1,4,2,1
103454,20,77.5,21.1,0,2,1
103455,24,72.6,24.0,0,2,0
103456,24,68.1,29.4,3,1,1
103457,24,70.1,21.0,3,6,1
103458,18,73.6,25.0,0,4,1
103459,24,92.6,28.5,3,6,1
103460,21,69.1,20.9,0,0,0
103461,21,72.6,30.0,1,1,1
103462,25,61.6,25.4,0,4,1
103463,24,80.6,24.2,2,4,1
103464,18,88.4,15.0,1,1,1
103465,20,91.5,23.1,1,1,1
103466,23,74.4,26.9,5,1,1
103467,22,78.9,30.0,2,3,1
103468,20,70.2,27.8,0,5,1
103469,22,78.3,30.0,2,3,1
103470,24,75.8,19.0,1,6,1
103471,19,72.7,24.4,2,1,1
103472,23,73.7,30.0,5,1,1
103473,23,77.4,20.6,1,0,0
103474,25,68.5,29.8,1,2,0
103475,20,69.1,28.7,2,1,1
103476,19,92.5,26.4,1,1,1
103477,22,100.0,23.4,2,3,1
103478,22,57.5,20.1,1,1,0
103479,21,56.9,30.0,1,4,1
103480,24,60.5,28.2,3,4,1
103481,24,70.8,26.7,0,2,0
103482,19,82.7,22.9,1,3,1
103483,24,79.1,25.2,0,2,1
103484,19,74.1,25.8,3,1,1
103485,21,78.3,27.0,2,2,1
103486,18,63.7,28.7,0,2,0
103487,20,69.1,21.1,0,0,1
103488,25,71.8,17.7,1,3,1
103489,21,53.0,25.4,1,4,1
103490,23,58.1,16.3,0,4,1
103491,18,58.5,23.4,4,1,1
103492,23,81.2,22.5,1,2,1
103493,20,74.9,27.5,3,3,1
103494,23,79.3,30.0,2,2,1
103495,25,49.9,15.3,0,1,0
103496,22,54.2,30.0,1,4,1
103497,18,80.0,23.8,1,1,0
103498,21,38.7,26.7,1,3,1
103499,18,86.7,17.9,1,5,1
103500,21,50.1,30.0,0,1,0
103501,18,82.1,25.2,2,3,1
103502,23,61.3,24.7,0,1,0
103503,20,84.6,15.3,1,2,1
103504,19,100.0,25.4,3,2,1
103505,18,44.7,29.2,1,3,1
103506,25,80.3,23.8,1,2,0
103507,24,50.3,30.0,1,4,0
103508,24,77.1,30.0,2,2,1
103509,18,69.5,21.8,5,3,1
103510,20,73.6,30.0,2,6,1
103511,25,61.1,25.2,2,5,1
103512,22,81.4,25.2,2,2,1
103513,19,54.6,25.5,0,3,1
103514,19,86.9,25.3,1,4,1
103515,20,67.1,11.8,0,3,0
103516,25,55.2,24.1,1,4,1
103517,19,91.1,18.2,1,4,1
103518,25,71.2,30.0,0,2,1
103519,23,94.9,30.0,1,2,1
103520,25,86.7,29.3,0,2,1
103521,24,62.4,23.8,1,6,1
103522,20,71.0,20.0,0,2,1
103523,24,73.5,21.7,1,0,1
103524,19,90.3,30.0,2,3,1
103525,20,77.3,21.5,2,2,1
103526,19,74.1,13.2,2,1,1
103527,19,69.6,30.0,1,3,1
103528,18,71.4,30.0,2,4,1
103529,19,87.7,30.0,1,3,1
103530,18,72.0,30.0,0,2,1
103531,21,67.3,30.0,3,4,1
103532,18,65.2,25.3,0,2,0
103533,18,65.4,14.6,1,2,1
103534,25,55.2,25.1,3,2,0
103535,18,63.0,28.1,1,1,0
103536,18,90.0,24.3,2,3,1
103537,18,69.5,24.1,0,1,1
103538,19,80.5,20.2,0,4,1
103539,22,42.3,20.0,3,2,0
103540,24,78.8,30.0,1,1,1
103541,23,70.1,30.0,1,2,0
103542,22,66.2,25.0,1,5,1
103543,18,74.2,26.4,0,2,1
103544,24,66.1,20.1,0,3,1
103545,18,46.5,28.2,3,4,1
103546,23,83.1,30.0,2,4,1
103547,21,74.9,17.4,3,0,1
103548,25,68.2,27.3,0,2,0
103549,20,60.4,27.7,2,3,1
103550,23,54.4,27.6,1,2,1
103551,21,74.7,30.0,1,1,1
103552,22,91.4,30.0,0,4,1
103553,25,74.4,23.8,1,3,1
103554,23,55.4,28.4,1,4,1
103555,21,74.7,25.4,0,2,0
103556,21,71.4,21.8,4,0,0
103557,23,82.4,26.4,1,2,1
103558,20,79.3,28.4,0,3,1
103559,19,36.2,26.1,1,3,1
103560,21,78.5,20.6,3,3,1
103561,18,60.0,22.7,1,3,0
103562,19,54.9,22.7,2,1,1
103563,21,69.7,20.8,1,0,1
103564,24,76.9,26.6,2,3,1
103565,24,52.3,27.1,3,4,1
103566,20,80.5,29.9,0,4,1
103567,21,81.2,20.7,3,2,1
103568,19,72.6,22.1,2,1,1
103569,24,61.6,30.0,4,2,1
103570,19,60.2,24.2,2,4,1
103571,24,84.3,25.2,3,0,1
103572,24,53.9,24.1,2,2,1
103573,23,84.8,30.0,0,3,1
103574,20,70.0,30.0,3,4,1
103575,25,70.8,30.0,0,0,0
103576,23,51.5,25.1,1,6,1
103577,23,70.2,20.6,0,0,0
103578,24,79.4,30.0,2,2,1
103579,25,56.0,29.3,2,7,1
103580,18,78.0,22.7,1,6,1
103581,25,73.1,30.0,2,1,1
103582,24,64.3,22.3,2,5,1
103583,19,82.3,30.0,1,0,1
103584,20,45.6,30.0,2,4,1
103585,24,76.2,20.4,0,2,1
103586,19,91.4,27.9,0,3,1
103587,21,89.3,28.9,1,0,1
103588,23,76.7,30.0,0,1,1
103589,23,68.4,21.3,2,0,1
103590,25,64.4,30.0,1,1,1
103591,18,68.4,25.1,2,2,1
103592,20,78.5,18.8,2,2,1
103593,25,62.3,24.4,0,1,0
103594,22,81.1,25.0,0,4,1
103595,19,97.6,19.7,1,2,1
103596,20,71.3,26.6,1,5,1
103597,20,55.9,29.8,2,2,1
103598,22,55.9,26.2,0,2,1
103599,20,81.3,22.3,1,2,0
103600,22,71.3,24.3,0,4,1
103601,21,82.5,25.0,4,1,0
103602,22,65.6,26.1,1,1,1
103603,19,82.0,30.0,4,4,1
103604,22,70.1,26.4,2,1,1
103605,25,63.2,18.0,2,5,1
103606,19,67.2,22.2,3,3,1
103607,20,57.6,25.8,0,1,1
103608,23,95.9,30.0,1,3,1
103609,22,70.8,30.0,0,1,1
103610,23,79.7,30.0,1,2,1
103611,22,65.6,25.7,0,2,1
103612,23,59.4,28.8,3,1,1
103613,22,69.2,17.7,3,2,1
103614,18,85.2,27.1,0,1,1
103615,24,65.8,19.6,2,0,0
103616,21,61.6,24.7,1,0,1
103617,18,73.9,30.0,5,3,1
103618,21,78.0,26.5,0,6,1
103619,21,91.7,20.7,2,2,1
103620,18,76.2,27.0,0,1,1
103621,25,79.7,22.4,2,5,1
103622,19,80.6,20.2,2,1,1
103623,20,58.2,30.0,0,2,1
103624,21,60.4,30.0,1,3,1
103625,24,59.0,26.7,3,2,0
103626,23,56.0,23.0,2,4,1
103627,24,81.5,23.4,0,6,1
103628,19,75.5,30.0,1,2,1
103629,24,73.0,26.5,2,0,1
103630,24,40.9,10.0,0,3,0
103631,21,96.7,30.0,0,2,1
103632,22,61.3,25.9,2,2,1
103633,18,96.6,26.7,2,4,1
103634,24,54.6,30.0,0,3,1
103635,25,62.3,27.3,0,3,1
103636,21,45.6,28.7,0,2,0
103637,22,76.3,22.9,0,1,0
103638,21,58.8,18.9,1,2,1
103639,18,59.1,26.4,0,2,1
103640,22,55.5,30.0,0,0,0
103641,23,81.3,21.8,0,3,1
103642,25,80.5,21.4,0,4,1
103643,25,93.7,30.0,0,3,1
103644,21,63.8,22.7,0,1,0
103645,25,74.6,22.9,0,2,1
103646,22,56.5,23.1,2,2,0
103647,23,68.0,24.7,1,0,0
103648,22,65.8,17.1,1,3,1
103649,25,77.6,22.3,3,2,1
103650,23,84.2,26.2,1,2,1
103651,18,83.9,26.1,1,4,1
103652,18,61.9,30.0,1,1,1
103653,21,84.0,30.0,1,1,0
103654,22,71.5,30.0,1,1,1
103655,23,68.1,29.6,1,4,1
103656,21,63.5,24.3,0,4,0
103657,22,65.3,21.9,2,4,1
103658,25,92.9,25.1,2,2,1
103659,20,75.7,27.9,0,0,1
103660,21,74.1,29.1,1,6,1
103661,22,68.9,28.1,0,1,1
103662,21,100.0,24.4,1,6,1
103663,25,87.7,28.9,0,3,1
103664,25,63.3,30.0,2,3,1
103665,22,68.7,29.4,1,4,1
103666,21,69.4,24.8,2,3,1
103667,22,73.8,20.8,1,0,1
103668,19,63.6,20.7,1,4,1
103669,21,77.3,21.6,0,3,1
103670,19,89.4,26.3,1,4,1
103671,19,56.2,27.6,0,2,1
103672,18,58.5,17.9,1,5,1
103673,22,66.2,22.5,2,5,1
103674,18,66.8,26.2,1,4,1
103675,23,96.0,20.5,0,4,1
103676,21,84.0,27.2,4,4,1
103677,20,83.3,23.5,1,2,1
103678,24,68.8,21.4,2,2,1
103679,22,68.6,25.3,5,1,1
103680,23,54.6,27.0,2,5,1
103681,23,81.4,20.8,0,1,1
103682,18,77.9,23.8,3,6,1
103683,19,87.4,27.3,0,1,1
103684,22,69.5,21.2,1,2,1
103685,25,70.3,16.7,1,3,1
103686,19,74.0,17.3,2,4,1
103687,18,82.7,22.9,1,3,1
103688,25,54.4,18.4,2,1,1
103689,25,80.8,23.3,1,3,1
103690,19,71.8,30.0,0,3,1
103691,21,59.3,18.1,2,0,0
103692,23,47.0,23.6,2,3,1
103693,19,70.4,30.0,0,1,1
103694,20,89.4,27.0,1,3,1
103695,21,92.1,23.2,4,4,1
103696,23,76.3,24.2,1,2,1
103697,20,95.5,27.1,1,3,1
103698,21,71.5,30.0,1,1,1
103699,20,83.4,22.3,0,2,1
103700,24,66.6,21.2,1,5,1
103701,19,65.8,18.1,2,7,1
103702,19,63.9,25.5,3,3,1
103703,19,47.3,18.0,1,3,1
103704,25,87.4,22.7,3,4,1
103705,25,64.3,20.5,0,2,1
103706,22,62.4,30.0,3,1,1
103707,19,57.8,22.5,2,4,1
103708,24,69.5,27.0,1,2,1
103709,21,93.2,17.0,2,2,0
103710,24,97.1,25.7,0,2,1
103711,20,52.1,19.0,2,3,1
103712,25,67.7,22.9,2,3,1
103713,24,59.6,30.0,3,1,1
103714,19,83.9,29.7,2,1,0
103715,23,75.4,24.4,2,0,1
103716,20,64.4,30.0,2,2,1
103717,20,72.9,20.4,1,1,0
103718,20,66.3,30.0,2,4,1
103719,23,91.4,17.3,2,1,1
103720,20,78.6,23.8,1,3,1
103721,23,80.0,18.3,0,2,1
103722,22,40.0,26.3,1,1,1
103723,24,71.2,25.3,2,3,1
103724,25,97.0,23.5,2,2,1
103725,18,87.9,30.0,1,2,1
103726,25,49.8,22.2,2,2,1
103727,18,68.2,26.6,1,1,0
103728,22,57.6,29.1,1,0,1
103729,20,92.5,17.6,0,0,0
103730,23,74.9,21.3,0,1,0
103731,23,62.8,25.3,2,0,1
103732,24,72.4,28.2,2,4,1
103733,21,40.7,30.0,0,2,1
103734,25,59.0,23.9,1,2,1
103735,20,72.4,23.4,2,5,1
103736,19,82.1,20.6,1,2,1
103737,21,48.7,26.6,2,0,1
103738,22,67.4,23.5,1,2,1
103739,23,84.1,23.6,4,1,1
103740,24,54.6,24.5,2,5,1
103741,19,74.8,27.8,3,4,1
103742,20,72.8,22.2,0,5,1
103743,25,92.6,21.1,1,5,1
103744,21,69.2,27.2,0,3,1
103745,19,69.9,10.0,1,4,1
103746,25,82.3,22.0,2,1,0
103747,21,56.1,19.2,0,3,1
103748,25,69.3,30.0,0,0,1
103749,25,66.5,22.8,1,2,1
103750,25,70.3,22.2,2,3,1
103751,22,82.2,24.8,1,0,1
103752,24,78.6,22.0,0,2,1
103753,25,63.0,23.0,1,4,1
103754,20,73.6,25.5,0,2,0
103755,18,89.9,22.9,1,3,1
103756,20,62.0,22.9,4,4,1
103757,23,73.7,19.9,0,0,1
103758,22,69.7,19.2,2,1,0
103759,18,71.2,25.3,2,1,1
103760,22,52.4,26.5,0,1,0
103761,19,88.9,17.9,1,5,1
103762,22,62.7,28.8,4,4,1
103763,22,84.3,28.8,1,3,1
103764,23,64.5,29.9,0,2,1
103765,21,64.5,26.5,1,2,1
103766,21,86.6,28.2,0,1,1
103767,23,83.9,30.0,3,3,1
103768,23,74.5,23.5,1,2,1
103769,24,81.1,19.8,0,3,1
103770,20,68.5,17.3,2,1,1
103771,21,71.9,30.0,0,0,1
103772,20,64.1,30.0,1,1,0
103773,22,82.8,20.4,0,3,1
103774,19,63.7,21.4,0,3,1
103775,21,89.8,23.4,1,4,1
103776,19,68.2,30.0,3,1,1
103777,22,72.2,18.6,1,3,1
103778,24,81.1,15.2,1,2,1
103779,25,72.3,30.0,1,2,1
103780,21,68.4,26.6,1,0,0
103781,18,71.6,27.3,2,0,1
103782,19,82.7,24.0,1,2,1
103783,18,64.0,27.3,1,2,0
103784,24,70.5,17.4,2,0,0
103785,25,72.1,20.8,3,7,1
103786,22,82.4,25.5,1,7,1
103787,19,70.8,13.6,1,4,1
103788,18,93.7,23.5,3,1,1
103789,25,70.1,23.2,0,5,1
103790,20,69.1,23.5,3,2,1
103791,18,69.9,22.2,0,1,0
103792,19,56.2,20.0,2,2,1
103793,20,59.6,15.9,1,1,0
103794,23,65.6,25.7,0,2,1
103795,25,85.6,23.5,0,5,1
103796,20,71.6,18.1,2,1,1
103797,23,66.2,25.3,2,4,1
103798,18,86.7,23.5,0,1,1
103799,18,90.6,22.7,0,4,1
103800,18,87.1,14.2,0,4,1
103801,25,61.8,28.4,2,2,1
103802,22,66.1,18.8,1,4,1
103803,24,93.8,25.3,0,2,1
103804,18,74.9,21.0,1,1,1
103805,18,68.8,23.1,0,1,0
103806,24,80.6,30.0,1,0,1
103807,18,84.1,27.7,1,0,1
103808,19,65.1,30.0,1,0,1
103809,22,74.6,26.7,2,5,1
103810,22,83.1,27.0,1,6,1
103811,19,58.1,16.1,1,3,1
103812,21,72.1,23.4,3,2,1
103813,23,58.6,23.9,1,2,0
103814,21,60.2,30.0,2,3,1
103815,21,65.2,22.5,1,2,1
103816,18,77.7,26.3,0,4,1
103817,21,68.1,26.1,1,2,1
103818,24,64.2,30.0,1,2,1
103819,23,72.6,24.3,1,1,1
103820,25,58.2,29.1,0,4,1
103821,19,77.1,16.5,1,3,1
103822,18,85.6,16.9,1,2,0
103823,22,71.0,13.6,1,4,1
103824,19,69.6,28.9,2,2,1
103825,22,76.5,28.4,1,2,1
103826,25,47.7,29.5,1,5,1
103827,20,78.4,21.6,0,4,1
103828,22,100.0,22.2,2,2,1
103829,23,70.5,24.4,2,3,1
103830,19,70.6,30.0,1,5,1
103831,25,80.9,30.0,2,3,1
103832,19,91.7,29.0,2,1,1
103833,24,83.7,26.7,0,2,1
103834,23,46.1,30.0,0,2,0
103835,19,78.8,23.7,2,2,1
103836,23,100.0,23.0,0,0,1
103837,19,79.5,24.4,1,1,1
103838,22,58.1,20.1,0,1,0
103839,25,75.4,24.1,1,3,1
103840,25,56.6,19.4,2,3,1
103841,24,86.8,30.0,1,1,1
103842,21,60.5,27.7,2,1,0
103843,22,72.9,30.0,2,2,1
103844,20,61.7,16.9,2,2,1
103845,25,65.4,30.0,2,2,1
103846,21,89.8,17.1,2,2,1
103847,24,73.2,19.0,0,4,1
103848,20,65.3,21.9,2,5,1
103849,23,58.3,30.0,2,8,1
103850,19,49.5,26.1,1,2,0
103851,23,57.0,23.8,5,3,1
103852,18,73.3,21.0,1,1,0
103853,18,83.8,18.1,1,4,1
103854,20,65.3,30.0,3,3,1
103855,21,90.8,29.0,2,6,1
103856,23,63.4,30.0,0,3,1
103857,20,69.1,27.0,0,2,1
103858,18,59.0,11.8,2,2,0
103859,20,83.9,18.8,0,0,0
103860,21,97.2,27.3,0,0,1
103861,22,50.9,23.2,2,1,0
103862,23,67.8,22.2,0,1,1
103863,19,87.2,19.5,0,5,1
103864,22,54.6,29.7,3,3,1
103865,23,78.8,27.3,1,2,1
103866,24,86.7,27.5,1,5,1
103867,22,72.9,21.8,2,1,0
103868,24,78.6,25.9,1,1,1
103869,19,93.1,18.3,1,4,1
103870,23,95.4,24.4,1,3,1
103871,18,71.3,12.4,2,2,1
103872,18,65.6,17.2,1,4,1
103873,24,61.0,23.4,0,4,1
103874,21,83.7,30.0,1,4,1
103875,22,55.5,16.0,3,0,0
103876,22,69.0,18.8,1,4,1
103877,23,73.2,26.1,0,2,1
103878,19,66.0,30.0,0,2,1
103879,19,75.4,26.0,1,0,1
103880,18,100.0,28.5,0,2,1
103881,24,70.5,23.3,1,2,1
103882,19,66.8,22.4,0,4,1
103883,22,84.2,25.4,2,6,1
103884,21,74.9,21.7,1,4,1
103885,19,89.3,28.6,0,1,1
103886,21,74.0,17.0,2,3,1
103887,18,69.0,29.4,3,2,1
103888,19,50.6,25.2,2,1,1
103889,19,52.6,23.9,2,1,1
103890,24,50.0,16.8,3,1,0
103891,22,76.6,20.1,1,2,1
103892,25,55.7,30.0,1,1,1
103893,21,87.1,24.0,2,6,1
103894,19,72.4,26.4,2,4,1
103895,22,69.1,20.6,0,2,1
103896,25,61.9,24.9,2,0,0
103897,22,79.5,18.1,0,2,1
103898,18,62.3,25.5,0,2,1
103899,20,60.2,26.9,1,2,1
103900,25,86.3,26.6,1,1,0
103901,22,76.3,20.5,3,2,1
103902,25,69.2,23.3,2,4,1
103903,22,79.7,27.7,0,2,1
103904,18,72.1,23.9,0,3,1
103905,24,76.6,23.6,2,6,1
103906,24,62.2,30.0,4,2,1
103907,23,96.8,20.2,0,1,0
103908,25,65.0,30.0,1,2,0
103909,19,90.7,19.2,1,3,1
103910,25,69.7,28.3,0,3,1
103911,19,81.7,28.5,3,2,1
103912,25,80.8,22.4,1,1,1
103913,19,85.8,18.9,1,5,1
103914,22,61.9,15.1,1,2,1
103915,24,84.9,21.9,1,3,1
103916,18,94.2,27.6,1,0,1
103917,18,68.9,19.6,2,2,1
103918,24,72.4,25.5,0,1,1
103919,18,65.7,17.6,2,4,1
103920,22,67.8,23.8,1,0,0
103921,25,92.5,19.3,1,3,1
103922,22,59.9,24.6,3,6,1
103923,21,60.7,22.5,0,1,1
103924,21,91.3,19.0,1,4,1
103925,23,79.5,21.7,2,2,1
103926,22,97.4,20.3,1,1,1
103927,22,66.6,18.4,1,6,1
103928,19,73.5,30.0,0,1,1
103929,23,64.1,23.2,1,1,1
103930,23,73.7,14.0,4,6,1
103931,23,50.7,21.9,0,1,0
103932,18,80.2,29.6,2,2,1
103933,23,75.9,21.2,1,4,1
103934,23,71.3,30.0,5,2,1
103935,19,67.3,20.7,1,1,0
103936,24,61.3,27.5,4,4,1
103937,22,80.7,30.0,1,1,1
103938,21,57.9,27.3,1,0,0
103939,23,78.1,18.1,1,0,0
103940,22,96.9,20.3,0,1,0
103941,22,89.8,30.0,0,2,1
103942,20,53.9,21.0,1,1,0
103943,25,65.6,29.9,0,1,1
103944,25,77.1,22.8,0,1,1
103945,19,71.2,25.7,0,1,0
103946,23,55.2,18.1,0,5,1
103947,18,76.6,22.0,2,1,0
103948,20,71.9,20.6,1,4,1
103949,25,95.0,26.1,2,5,1
103950,19,69.0,25.5,0,2,0
103951,21,86.0,27.3,1,4,1
103952,19,56.8,22.5,0,5,1
103953,23,59.7,20.3,2,4,1
103954,21,80.7,25.9,1,2,1
103955,22,85.0,19.9,1,2,1
103956,25,60.5,30.0,2,3,1
103957,22,72.3,24.4,3,0,1
103958,23,55.4,23.4,1,1,1
103959,18,69.8,27.3,1,2,1
103960,19,82.0,24.6,2,3,1
103961,25,66.8,16.7,0,4,1
103962,24,69.0,19.7,3,3,1
103963,23,58.4,30.0,0,1,0
103964,21,64.2,25.4,1,2,1
103965,19,93.1,16.6,0,1,0
103966,24,72.9,26.8,2,4,1
103967,24,60.0,22.2,1,3,1
103968,19,68.2,20.6,1,2,1
103969,22,52.8,19.3,1,2,0
103970,22,59.8,30.0,1,4,1
103971,21,88.3,15.2,2,0,1
103972,25,70.3,20.8,2,0,1
103973,18,94.7,25.6,3,2,1
103974,20,70.9,30.0,1,4,1
103975,18,71.6,27.8,0,3,1
103976,23,79.7,20.8,1,2,1
103977,23,39.9,30.0,1,5,1
103978,25,74.5,18.2,0,7,1
103979,22,71.4,26.3,2,3,1
103980,19,89.8,27.4,1,6,1
103981,21,83.6,20.6,0,3,1
103982,18,58.4,28.5,3,4,1
103983,23,86.9,22.4,2,2,1
103984,23,68.9,28.5,0,3,1
103985,24,61.1,15.8,0,4,1
103986,20,74.4,26.7,2,2,1
103987,20,69.6,22.9,0,3,1
103988,18,90.5,30.0,0,2,1
103989,21,76.1,24.8,3,5,1
103990,21,74.5,30.0,0,1,0
103991,24,82.8,27.5,1,5,1
103992,24,85.1,24.4,0,3,1
103993,19,81.4,28.9,2,3,1
103994,20,89.0,29.0,3,1,1
103995,22,79.3,27.4,0,1,1
103996,20,74.0,13.5,1,3,0
103997,18,86.9,20.1,0,2,1
103998,24,70.9,30.0,0,1,1
103999,23,72.4,18.7,1,3,1
104000,22,92.7,29.4,3,4,1
104001,20,91.5,28.5,1,1,1
104002,24,71.9,21.4,0,3,1
104003,18,66.6,15.0,2,0,1
104004,21,89.6,22.2,1,3,1
104005,24,81.6,30.0,1,2,1
104006,25,75.8,20.7,0,1,1
104007,20,68.1,21.0,1,1,1
104008,23,76.0,20.0,1,6,1
104009,19,71.7,30.0,0,4,1
104010,18,64.0,23.8,1,4,1
104011,20,73.5,21.9,3,2,1
104012,25,75.2,30.0,4,3,0
104013,23,67.5,27.9,0,5,1
104014,21,82.8,20.4,3,1,1
104015,20,87.5,18.9,1,2,0
104016,19,83.6,30.0,0,2,1
104017,20,68.7,25.1,1,3,1
104018,19,81.1,17.3,0,2,1
104019,19,72.9,16.1,2,1,1
104020,23,57.2,19.4,0,2,1
104021,19,80.1,18.8,0,2,1
104022,18,73.8,14.8,2,1,0
104023,22,100.0,19.5,4,3,1
104024,20,89.5,20.4,2,2,1
104025,21,80.5,22.7,1,1,1
104026,19,75.0,30.0,2,2,1
104027,19,74.0,23.7,0,4,1
104028,21,60.0,24.2,1,2,1
104029,23,51.1,27.5,0,2,1
104030,21,61.5,23.8,3,1,1
104031,22,71.4,27.0,3,2,1
104032,22,46.7,26.4,2,3,1
104033,20,65.5,25.6,0,0,0
104034,20,69.0,30.0,0,3,1
104035,21,69.4,29.6,2,3,1
104036,18,64.1,19.6,0,0,0
104037,23,67.9,26.9,3,3,1
104038,22,92.7,21.0,2,1,1
104039,20,79.9,27.2,3,6,1
104040,20,65.3,18.1,3,3,1
104041,20,71.2,19.5,2,1,1
104042,23,71.7,26.7,1,2,1
104043,24,62.8,30.0,0,1,1
104044,18,62.8,27.5,2,0,0
104045,21,84.1,29.3,2,1,1
104046,18,67.0,26.9,2,2,1
104047,21,58.9,25.9,0,1,1
104048,19,71.5,22.5,1,3,1
104049,20,73.4,29.1,0,1,1
104050,21,48.3,30.0,2,2,0
104051,20,71.5,24.7,1,1,1
104052,21,82.4,24.4,3,6,1
104053,24,77.4,30.0,0,3,1
104054,24,98.8,24.9,3,5,1
104055,18,87.0,25.4,3,5,1
104056,21,89.4,27.4,0,2,1
104057,24,100.0,24.5,2,4,1
104058,22,81.1,20.9,1,3,0
104059,19,74.0,26.9,2,2,1
104060,22,83.7,24.8,0,4,1
104061,19,65.3,30.0,1,7,1
104062,18,73.3,28.9,1,3,1
104063,23,64.2,22.0,1,0,0
104064,22,76.8,28.6,0,2,1
104065,24,64.2,26.5,2,3,1
104066,20,63.8,30.0,1,1,1
104067,24,77.0,22.4,1,5,0
104068,21,70.3,25.9,1,2,1
104069,23,48.9,24.5,1,3,1
104070,18,54.5,25.3,1,4,1
104071,18,58.2,20.6,0,6,1
104072,24,61.4,27.9,0,4,1
104073,24,77.0,27.1,0,4,1
104074,25,74.6,30.0,2,3,1
104075,20,84.8,24.9,2,0,1
104076,18,81.0,22.9,1,2,1
104077,25,84.9,28.9,2,2,1
104078,22,79.3,21.0,4,2,1
104079,19,74.5,30.0,2,3,1
104080,24,85.2,30.0,0,3,1
104081,25,83.0,30.0,0,2,1
104082,20,76.5,26.9,0,3,1
104083,24,87.3,22.6,2,0,1
104084,24,43.9,25.5,1,5,1
104085,22,68.5,26.9,2,5,1
104086,23,68.3,22.2,2,0,1
104087,20,85.8,30.0,2,2,1
104088,25,90.9,27.9,1,2,1
104089,25,54.6,20.5,2,4,1
104090,25,88.9,30.0,3,2,1
104091,23,57.9,25.5,1,1,1
104092,18,58.3,19.5,2,5,1
104093,20,69.2,20.8,3,4,1
104094,21,68.2,30.0,2,3,1
104095,25,53.3,30.0,0,5,1
104096,22,79.8,30.0,2,2,1
104097,22,80.2,30.0,1,1,1
104098,19,84.6,30.0,2,3,1
104099,24,66.8,27.8,2,2,0
104100,20,71.5,26.6,3,1,1
104101,18,71.6,27.7,0,2,1
104102,25,92.3,28.7,2,1,0
104103,19,38.0,21.3,1,2,0
104104,18,60.5,28.7,2,0,1
104105,18,72.1,30.0,2,2,0
104106,21,59.0,24.0,1,0,0
104107,18,68.9,23.4,0,5,1
104108,24,70.5,27.4,1,3,1
104109,22,64.1,21.8,0,2,1
104110,20,72.8,18.4,1,1,1
104111,18,79.5,30.0,0,2,1
104112,21,69.2,22.7,3,1,0
104113,19,66.6,25.1,1,2,1
104114,25,70.0,21.9,2,2,0
104115,20,71.9,30.0,2,5,1
104116,21,51.1,29.3,0,4,1
104117,18,77.5,23.8,1,1,1
104118,19,66.6,19.1,0,5,1
104119,19,87.1,23.3,0,3,1
104120,18,79.1,27.9,2,2,1
104121,23,86.0,25.9,1,1,1
104122,25,59.9,25.5,0,2,1
104123,25,67.5,26.1,3,3,1
104124,20,57.1,28.8,1,2,1
104125,24,63.5,24.8,2,2,0
104126,22,87.0,27.3,0,3,1
104127,18,89.8,20.1,2,1,1
104128,18,58.2,30.0,0,2,1
104129,22,66.5,23.6,1,7,1
104130,21,71.1,26.0,1,0,0
104131,18,79.0,27.8,0,3,1
104132,25,50.9,22.9,1,1,0
104133,23,52.8,25.0,1,3,1
104134,22,77.9,25.0,1,4,1
104135,25,48.6,20.4,1,1,0
104136,25,66.6,27.2,1,5,1
104137,25,73.9,16.8,2,1,0
104138,20,77.0,30.0,0,0,0
104139,25,70.3,29.0,0,4,1
104140,22,67.6,28.2,0,3,1
104141,23,82.1,16.3,1,2,1
104142,24,75.4,21.0,2,0,0
104143,19,64.2,30.0,0,0,0
104144,21,72.5,30.0,0,3,0
104145,19,76.6,30.0,0,0,1
104146,20,92.6,30.0,1,2,1
104147,21,81.4,27.6,0,1,1
104148,24,86.6,20.8,0,0,1
104149,24,64.7,30.0,1,4,1
104150,21,65.7,19.5,2,6,1
104151,20,69.2,18.9,1,2,1
104152,22,70.3,18.6,1,4,1
104153,25,59.9,29.9,1,2,1
104154,25,87.2,24.7,0,4,1
104155,19,82.6,25.5,2,1,1
104156,19,68.3,24.9,3,2,1
104157,23,79.7,19.4,2,2,1
104158,20,74.7,21.6,0,3,1
104159,19,80.6,21.9,1,1,1
104160,18,55.9,18.0,0,3,1
104161,21,70.3,22.5,2,3,1
104162,21,71.3,19.6,0,4,1
104163,22,79.5,27.9,3,1,1
104164,19,64.5,28.3,1,1,1
104165,23,42.0,18.5,3,3,0
104166,23,59.0,23.5,2,1,1
104167,21,71.3,30.0,1,3,1
104168,19,72.8,20.1,3,3,0
104169,22,92.2,27.1,1,1,1
104170,23,79.0,25.5,0,3,1
104171,20,73.0,30.0,1,4,1
104172,20,71.6,26.5,1,1,1
104173,22,85.3,22.8,3,1,1
104174,20,64.9,25.3,1,2,1
104175,21,70.3,25.4,1,1,1
104176,20,58.9,24.5,4,3,1
104177,20,89.0,18.4,0,4,1
104178,23,76.7,30.0,1,5,1
104179,21,63.5,30.0,3,3,1
104180,21,70.6,19.8,0,2,0
104181,23,78.1,23.5,0,4,1
104182,20,69.0,23.9,1,2,1
104183,18,65.6,19.2,3,2,0
104184,24,64.1,15.7,4,1,1
104185,18,76.1,21.6,0,2,1
104186,22,67.7,23.2,1,5,1
104187,20,66.6,17.8,1,0,1
104188,19,56.0,25.9,1,5,1
104189,18,72.9,30.0,0,2,1
104190,25,69.8,29.2,4,1,1
104191,21,68.1,24.4,2,4,1
104192,20,74.4,15.8,2,1,1
104193,23,81.0,28.6,1,0,1
104194,18,80.4,25.7,2,1,1
104195,22,78.6,27.1,2,4,1
104196,21,69.1,30.0,3,1,1
104197,22,65.2,20.9,0,3,1
104198,18,59.5,10.6,1,3,1
104199,25,64.9,19.7,0,3,1
104200,19,72.2,27.4,3,1,1
104201,23,62.6,25.1,3,4,1
104202,23,73.2,18.9,1,2,1
104203,20,60.4,17.9,0,0,1
104204,19,52.1,23.2,0,5,1
104205,20,81.8,18.8,3,2,1
104206,24,66.3,27.6,1,2,1
104207,25,62.0,22.9,0,1,1
104208,25,58.9,21.9,0,1,0
104209,19,77.1,21.2,1,5,1
104210,22,88.5,26.3,1,6,1
104211,19,67.2,25.2,3,3,1
104212,23,69.4,26.0,1,4,1
104213,21,84.9,25.9,1,3,1
104214,23,50.3,24.6,3,3,1
104215,23,95.6,19.8,0,2,1
104216,25,100.0,21.3,1,2,1
104217,21,39.5,23.0,0,4,1
104218,20,70.8,30.0,0,1,1
104219,22,63.4,18.3,0,1,1
104220,19,68.8,22.9,0,2,1
104221,18,67.0,25.5,1,3,1
104222,22,81.7,23.5,1,5,1
104223,24,70.6,30.0,1,3,1
104224,22,61.1,23.5,1,2,1
104225,24,69.9,23.8,4,2,1
104226,19,78.2,29.1,1,3,1
104227,21,57.8,30.0,0,1,1
104228,22,52.2,30.0,0,3,1
104229,20,95.9,24.3,1,5,1
104230,18,64.3,24.8,0,0,1
104231,18,70.4,25.2,3,3,1
104232,25,67.2,25.7,0,2,1
104233,22,78.6,20.8,1,2,1
104234,20,93.3,29.7,0,1,0
104235,20,79.0,26.0,1,1,0
104236,18,53.8,24.8,2,0,0
104237,25,55.4,18.6,0,2,0
104238,18,67.2,25.3,0,2,1
104239,24,68.8,15.5,0,1,1
104240,19,51.3,22.1,2,2,1
104241,20,81.8,22.2,0,3,1
104242,20,59.0,26.4,3,3,1
104243,24,89.9,30.0,1,4,1
104244,18,93.8,27.9,2,3,1
104245,20,69.0,30.0,0,0,0
104246,20,77.3,28.2,1,5,1
104247,20,57.2,30.0,1,4,1
104248,19,79.5,30.0,1,2,1
104249,25,66.0,21.3,2,1,1
104250,21,59.0,21.0,0,4,1
104251,21,68.5,28.3,1,2,1
104252,21,66.4,25.0,1,1,0
104253,25,68.1,26.1,0,2,1
104254,20,83.4,23.8,0,3,1
104255,20,62.6,22.0,0,1,1
104256,20,92.8,30.0,0,0,1
104257,20,56.1,19.5,1,6,1
104258,18,91.4,28.4,2,1,1
104259,22,59.8,27.6,3,5,1
104260,18,72.0,17.1,1,2,1
104261,19,66.1,20.8,1,4,1
104262,19,67.9,21.7,1,0,1
104263,20,81.6,27.8,0,4,1
104264,24,90.0,23.2,0,1,1
104265,22,86.3,24.6,1,1,1
104266,25,67.1,17.7,0,2,1
104267,20,74.2,30.0,2,2,1
104268,25,62.6,25.4,3,2,1
104269,18,60.1,27.5,3,2,1
104270,22,58.2,22.3,0,3,1
104271,24,66.7,21.7,0,3,0
104272,22,75.0,30.0,3,3,1
104273,25,49.1,15.4,3,4,1
104274,20,71.4,26.4,1,1,1
104275,18,90.2,18.9,0,1,1
104276,24,85.5,23.0,0,4,1
104277,18,65.0,21.8,0,2,1
104278,24,55.2,20.1,0,3,1
104279,23,77.5,25.2,0,8,1
104280,24,44.2,12.2,2,3,1
104281,21,85.3,23.4,0,3,1
104282,25,69.4,24.5,4,4,1
104283,19,94.0,18.2,1,2,0
104284,21,51.3,30.0,1,2,1
104285,18,83.0,22.0,0,5,1
104286,24,70.8,23.8,1,1,1
104287,23,68.0,22.0,1,4,1
104288,24,55.6,24.6,1,3,1
104289,24,79.1,30.0,3,3,1
104290,20,80.1,30.0,1,5,1
104291,18,93.4,28.7,0,4,1
104292,25,84.1,30.0,0,3,1
104293,21,64.9,30.0,2,2,1
104294,18,60.0,26.2,0,7,1
104295,25,55.6,30.0,5,0,1
104296,25,89.7,29.0,2,3,1
104297,21,62.7,25.7,2,2,1
104298,24,89.8,26.8,2,3,1
104299,18,78.3,15.9,1,2,1
104300,18,76.0,26.5,5,1,1
104301,20,68.3,17.3,1,0,1
104302,23,79.9,16.9,1,4,1
104303,19,71.8,26.0,1,0,1
104304,18,67.6,19.4,1,3,1
104305,23,80.4,25.0,0,2,1
104306,24,70.3,25.7,1,0,0
104307,23,62.4,25.9,1,3,1
104308,24,79.2,20.5,1,3,1
104309,24,71.2,29.5,5,6,1
104310,22,77.9,24.6,1,3,1
104311,22,66.6,27.2,2,3,1
104312,24,57.5,19.0,1,3,1
104313,20,92.8,24.1,2,2,1
104314,18,90.6,30.0,1,2,1
104315,24,82.6,29.9,2,3,1
104316,20,67.3,21.0,1,2,1
104317,25,68.4,22.3,2,4,1
104318,21,88.6,20.1,0,2,1
104319,24,67.8,21.7,1,2,1
104320,18,64.4,18.0,0,3,1
104321,23,94.5,24.3,1,4,1
104322,21,71.4,28.2,2,1,1
104323,21,93.2,21.1,1,1,1
104324,20,55.2,24.5,3,3,1
104325,25,78.2,23.9,2,4,1
104326,21,96.9,30.0,1,2,1
104327,24,72.4,21.9,2,1,1
104328,21,68.8,22.1,1,2,1
104329,18,58.0,20.8,3,3,1
104330,25,85.0,19.3,1,5,1
104331,19,62.8,27.6,2,3,1
104332,20,70.9,24.3,3,2,1
104333,24,57.2,25.3,1,2,1
104334,25,90.7,30.0,3,4,1
104335,25,85.9,30.0,2,2,1
104336,21,71.6,16.8,0,6,1
104337,24,58.2,28.2,0,3,1
104338,20,90.4,26.1,1,1,1
104339,23,67.6,22.7,0,3,1
104340,22,58.7,26.6,3,3,1
104341,18,50.9,16.4,3,0,1
104342,21,64.2,30.0,3,0,0
104343,21,54.5,27.6,0,1,0
104344,20,64.5,20.7,1,3,1
104345,20,80.9,22.1,0,5,1
104346,22,67.5,16.5,1,3,0
104347,18,76.3,23.4,3,0,0
104348,19,63.3,22.6,0,2,0
104349,24,72.8,18.4,0,4,1
104350,20,95.1,28.9,1,0,1
104351,22,67.8,30.0,1,1,1
104352,22,76.6,24.9,1,5,1
104353,22,53.2,23.5,1,3,1
104354,21,90.2,27.2,1,2,1
104355,21,66.3,24.9,0,0,0
104356,24,84.6,19.6,0,0,1
104357,25,70.5,21.7,3,0,1
104358,20,79.3,23.5,1,3,1
104359,23,80.1,26.2,2,1,1
104360,25,66.6,25.0,0,3,1
104361,18,85.1,26.1,1,0,1
104362,24,62.9,17.4,0,2,0
104363,21,81.3,28.3,1,4,1
104364,25,67.3,25.0,2,1,1
104365,22,76.2,30.0,1,1,1
104366,24,66.5,23.1,2,1,1
104367,19,72.6,26.6,3,5,1
104368,19,59.1,30.0,0,1,0
104369,25,75.0,26.0,3,3,1
104370,22,72.5,24.7,0,5,1
104371,22,65.5,20.1,4,3,1
104372,19,71.3,30.0,2,3,1
104373,19,73.6,19.2,1,5,1
104374,24,64.6,27.1,0,3,1
104375,20,70.5,22.6,1,2,1
104376,22,59.9,24.1,2,4,1
104377,20,100.0,17.9,2,0,0
104378,20,84.7,30.0,3,1,1
104379,19,75.3,23.6,0,0,0
104380,25,86.1,18.9,1,4,1
104381,25,48.2,30.0,0,6,1
104382,18,41.3,22.5,1,1,1
104383,20,67.2,26.7,2,2,1
104384,22,55.5,29.2,3,4,1
104385,21,69.2,27.4,0,5,1
104386,23,74.5,14.0,0,6,1
104387,20,83.0,28.5,3,0,1
104388,18,58.3,24.5,2,3,1
104389,20,76.8,23.4,0,3,1
104390,22,72.2,24.5,2,3,1
104391,19,76.2,16.9,2,3,1
104392,24,65.8,26.0,0,3,1
104393,18,88.6,18.2,1,4,1
104394,18,70.8,23.6,0,1,1
104395,22,93.3,25.8,3,4,1
104396,22,62.5,30.0,2,2,1
104397,20,80.9,20.9,1,2,1
104398,20,71.3,30.0,3,4,1
104399,18,68.1,29.7,1,6,1
104400,23,79.6,22.9,0,1,1
104401,21,68.4,19.5,1,4,1
104402,18,40.1,17.8,1,2,1
104403,21,35.2,26.4,2,3,1
104404,25,87.3,21.3,1,2,1
104405,20,86.8,30.0,1,2,1
104406,25,94.6,21.6,1,4,1
104407,20,71.8,20.5,1,2,1
104408,19,56.5,26.2,1,7,1
104409,20,67.0,21.6,3,3,1
104410,20,72.1,25.0,2,2,1
104411,18,59.9,29.9,1,5,1
104412,22,91.8,25.6,0,3,1
104413,20,98.9,25.6,1,1,1
104414,23,77.7,26.0,1,3,1
104415,21,71.9,16.5,0,0,0
104416,21,56.5,27.0,0,3,1
104417,21,90.6,25.8,3,3,1
104418,19,72.9,29.5,1,4,1
104419,23,68.5,28.0,1,2,1
104420,18,77.8,24.0,1,7,1
104421,23,65.0,30.0,2,1,1
104422,25,73.8,23.5,1,1,1
104423,24,54.7,26.2,2,1,1
104424,21,85.0,23.4,2,2,1
104425,20,70.7,27.3,0,2,1
104426,24,85.9,23.1,2,3,1
104427,20,69.6,30.0,0,2,1
104428,21,70.4,30.0,0,2,0
104429,24,57.5,29.4,0,3,1
104430,25,81.1,30.0,0,4,1
104431,25,61.5,17.3,1,1,1
104432,18,66.2,17.9,1,4,1
104433,25,72.0,23.4,2,3,1
104434,18,73.5,25.2,1,0,0
104435,22,51.5,24.0,0,4,1
104436,25,69.2,16.8,1,1,1
104437,23,81.5,30.0,2,5,1
104438,25,67.5,30.0,1,2,1
104439,20,69.3,30.0,4,4,1
104440,20,73.9,30.0,0,1,1
104441,20,70.5,26.1,0,2,1
104442,20,59.6,20.8,1,2,1
104443,23,71.6,25.4,3,1,1
104444,21,83.9,30.0,0,3,0
104445,23,59.4,23.2,1,2,1
104446,21,67.5,22.7,3,2,1
104447,20,55.4,30.0,1,2,1
104448,19,83.3,30.0,3,1,1
104449,22,70.9,20.8,1,0,1
104450,25,61.8,23.7,1,6,1
104451,24,73.1,22.5,1,5,1
104452,20,57.6,25.3,1,1,1
104453,21,59.6,30.0,1,2,1
104454,23,54.5,21.0,2,1,1
104455,22,59.2,30.0,1,2,0
104456,18,88.3,25.5,2,5,1
104457,22,63.2,30.0,1,4,1
104458,18,77.6,26.6,3,2,1
104459,18,62.0,24.5,0,2,1
104460,23,81.1,27.9,2,2,0
104461,18,59.7,23.3,0,1,1
104462,20,72.5,16.0,0,1,0
104463,22,72.6,23.8,1,4,1
104464,23,99.9,23.7,1,1,1
104465,21,79.6,17.0,3,5,1
104466,18,64.9,24.6,0,4,1
104467,24,80.2,14.7,0,0,1
104468,25,97.7,23.3,0,1,1
104469,25,52.4,26.2,2,1,1
104470,23,61.9,25.5,1,4,1
104471,21,69.2,22.9,2,1,0
104472,25,67.0,24.6,0,1,1
104473,21,68.0,21.1,1,3,1
104474,19,56.3,25.1,1,6,1
104475,24,88.8,25.3,2,3,1
104476,20,54.9,20.5,0,4,1
104477,25,69.6,26.3,1,3,1
104478,20,84.5,26.3,1,1,1
104479,24,71.6,24.2,1,0,0
104480,22,60.2,30.0,2,3,1
104481,21,55.8,24.3,0,2,0
104482,20,69.2,23.6,0,2,0
104483,24,62.9,22.9,0,4,1
104484,18,74.5,20.1,0,1,1
104485,21,55.2,28.4,1,2,1
104486,20,81.8,21.6,4,5,1
104487,22,73.4,22.2,1,4,1
104488,20,74.3,22.3,0,7,1
104489,23,89.3,20.1,2,0,1
104490,21,66.7,16.2,1,2,1
104491,19,63.3,22.7,1,3,1
104492,19,65.4,29.4,2,1,1
104493,23,69.7,26.0,3,3,1
104494,20,70.9,30.0,1,4,1
104495,20,62.0,28.8,3,2,1
104496,23,47.7,27.6,0,2,0
104497,20,65.3,30.0,0,2,1
104498,21,76.3,24.5,0,3,1
104499,19,73.6,25.3,0,3,0
104500,20,86.4,24.9,1,2,1
104501,23,95.5,30.0,2,2,1
104502,22,81.1,25.0,1,2,1
104503,25,88.6,21.8,0,5,1
104504,24,81.2,27.9,1,2,1
104505,18,92.5,20.9,1,3,1
104506,21,94.2,27.7,1,4,1
104507,20,83.4,27.1,2,3,1
104508,22,80.5,24.1,1,4,1
104509,20,69.5,27.8,1,3,1
104510,25,71.5,17.6,0,4,1
104511,20,67.9,25.8,2,6,1
104512,22,79.5,22.7,1,4,1
104513,18,63.4,30.0,1,4,1
104514,25,69.7,25.8,1,1,1
104515,25,43.7,22.0,2,3,1
104516,24,92.7,18.1,0,2,1
104517,20,69.4,30.0,2,6,1
104518,18,77.5,23.2,3,3,1
104519,23,89.5,21.0,0,6,1
104520,21,75.6,26.7,2,1,0
104521,25,89.3,28.2,1,1,1
104522,23,57.1,28.2,2,1,1
104523,22,100.0,25.1,2,3,1
104524,25,85.0,25.8,1,3,1
104525,24,74.5,26.2,2,5,1
104526,21,89.1,26.7,2,5,1
104527,18,58.0,27.1,1,3,1
104528,18,68.5,30.0,0,2,1
104529,21,89.3,25.3,1,5,1
104530,22,49.6,20.9,3,2,1
104531,18,78.7,24.3,3,2,1
104532,19,78.4,28.8,1,4,1
104533,23,95.6,16.1,1,5,1
104534,24,53.0,16.1,1,1,1
104535,18,91.3,29.6,1,3,1
104536,22,65.3,30.0,2,6,1
104537,18,66.6,18.7,3,3,1
104538,23,57.3,25.5,1,5,1
104539,24,58.9,23.0,3,2,0
104540,24,76.8,23.7,4,1,1
104541,22,58.7,26.5,1,4,1
104542,23,80.9,18.5,0,1,1
104543,25,64.0,19.5,2,2,1
104544,22,57.4,23.5,2,2,1
104545,21,65.7,24.3,0,4,0
104546,24,76.0,19.4,1,4,1
104547,22,68.7,28.9,0,1,0
104548,24,72.4,22.9,1,3,1
104549,22,80.4,22.9,1,2,1
104550,24,85.0,26.4,2,4,1
104551,18,68.3,24.4,1,4,1
104552,18,59.5,29.2,0,1,1
104553,18,72.9,20.3,0,6,1
104554,22,77.6,18.0,1,2,1
104555,23,54.5,23.5,0,2,1
104556,19,61.3,25.3,0,4,1
104557,19,63.4,18.8,2,3,1
104558,24,69.5,18.1,1,2,1
104559,24,62.9,25.9,0,1,0
104560,23,80.5,21.2,1,2,1
104561,21,52.7,17.7,1,1,1
104562,21,53.0,29.8,2,2,1
104563,18,68.0,21.8,1,2,1
104564,19,69.9,30.0,0,2,0
104565,25,54.5,25.1,0,4,1
104566,20,64.7,26.5,1,2,1
104567,23,67.2,23.9,2,4,1
104568,23,67.3,11.7,1,2,0
104569,20,73.8,19.3,1,1,1
104570,19,64.1,24.4,1,1,1
104571,23,89.7,26.8,2,1,1
104572,18,77.9,16.1,1,4,1
104573,21,62.3,24.7,1,2,1
104574,25,73.1,19.4,1,1,1
104575,23,73.5,26.2,0,4,1
104576,24,86.6,24.9,0,1,1
104577,18,64.8,28.7,0,2,1
104578,19,81.2,30.0,2,2,0
104579,20,72.5,27.3,1,4,1
104580,20,89.9,29.3,4,4,1
104581,19,87.5,23.2,2,2,1
104582,25,74.4,30.0,1,2,1
104583,19,68.9,18.9,2,5,1
104584,23,78.1,22.4,0,5,1
104585,22,69.8,29.5,1,2,1
104586,22,92.2,28.8,1,2,1
104587,19,72.9,27.4,1,3,1
104588,20,67.1,28.4,0,7,1
104589,22,66.5,14.6,1,5,1
104590,20,57.4,30.0,1,2,1
104591,23,78.7,24.0,0,1,0
104592,18,62.2,30.0,2,3,1
104593,18,85.2,14.8,1,0,1
104594,23,56.5,26.3,0,1,1
104595,22,73.5,22.2,3,2,1
104596,18,85.8,27.9,2,1,1
104597,25,46.2,26.6,0,3,1
104598,18,96.2,26.8,1,6,1
104599,25,66.9,19.7,1,2,1
104600,23,73.7,24.7,1,3,1
104601,25,78.9,24.1,2,1,1
104602,25,80.7,27.5,2,1,0
104603,20,75.3,29.9,1,5,1
104604,24,84.0,25.8,0,1,1
104605,19,78.2,18.6,0,4,1
104606,21,93.1,25.5,0,4,1
104607,19,78.3,30.0,2,1,0
104608,21,95.6,30.0,2,3,1
104609,24,82.8,10.1,0,2,0
104610,21,50.3,25.3,2,5,1
104611,18,100.0,29.7,1,1,1
104612,20,65.1,24.1,2,0,1
104613,24,89.9,22.7,2,4,1
104614,22,72.3,23.7,1,1,0
104615,22,84.7,27.8,0,2,1
104616,21,63.7,19.3,0,3,0
104617,20,79.5,30.0,2,2,1
104618,22,69.0,24.7,2,2,1
104619,23,90.9,20.3,0,1,0
104620,25,77.3,30.0,1,4,1
104621,22,83.2,17.3,2,4,1
104622,25,46.0,22.2,1,2,0
104623,24,71.0,22.1,1,1,1
104624,18,76.9,30.0,3,2,1
104625,21,74.7,21.6,2,1,1
104626,21,83.5,14.2,2,3,0
104627,18,67.6,22.1,2,2,0
104628,19,72.6,27.3,1,4,1
104629,24,86.2,28.9,0,1,1
104630,20,44.7,30.0,2,5,1
104631,19,79.1,30.0,2,2,1
104632,20,68.0,25.9,2,0,1
104633,20,61.1,20.5,0,3,1
104634,19,76.0,30.0,3,2,1
104635,18,86.7,23.2,1,1,1
104636,24,84.5,21.7,4,2,1
104637,24,70.4,22.9,1,1,0
104638,21,82.5,18.7,1,1,1
104639,22,82.4,22.7,0,2,1
104640,25,71.0,23.8,2,1,0
104641,24,63.7,28.7,1,2,1
104642,18,64.4,23.1,1,4,1
104643,25,82.1,18.7,0,3,1
104644,18,71.5,17.0,1,1,1
104645,18,59.4,26.0,2,2,1
104646,21,51.8,25.4,1,5,1
104647,23,82.0,22.2,0,2,1
104648,18,65.4,22.7,3,3,1
104649,20,76.0,26.9,1,0,1
104650,20,86.9,30.0,0,4,1
104651,21,56.3,21.1,0,2,0
104652,25,71.5,25.4,0,4,1
104653,20,70.0,29.8,1,2,1
104654,19,76.6,21.1,1,0,0
104655,18,86.9,24.9,0,4,1
104656,19,56.0,24.8,2,0,1
104657,19,78.8,18.4,1,3,1
104658,22,84.4,25.8,2,1,1
104659,21,69.8,25.2,2,3,1
104660,21,70.4,27.8,1,2,1
104661,24,77.0,19.1,0,6,1
104662,22,76.1,25.0,0,1,1
104663,19,79.0,30.0,3,3,1
104664,21,78.7,30.0,1,0,0
104665,20,60.2,30.0,1,2,1
104666,24,83.9,19.1,0,2,1
104667,20,86.0,27.3,0,5,1
104668,19,74.2,22.6,2,0,1
104669,23,54.1,26.4,2,2,0
104670,21,70.6,21.1,1,4,1
104671,18,74.3,16.4,1,1,0
104672,23,58.3,23.3,0,1,0
104673,19,67.7,28.6,3,1,1
104674,24,55.1,26.4,1,2,0
104675,24,79.3,27.0,1,0,0
104676,20,74.0,26.1,0,3,1
104677,22,52.3,27.0,0,2,0
104678,22,76.2,27.6,1,2,1
104679,23,71.3,23.6,1,4,1
104680,18,78.2,25.4,0,3,1
104681,20,67.3,30.0,1,4,1
104682,19,62.4,25.7,0,6,1
104683,23,62.7,25.2,1,7,1
104684,18,65.5,25.5,2,0,1
104685,22,72.2,23.9,2,1,1
104686,23,73.8,22.8,2,3,1
104687,25,69.7,26.0,1,0,1
104688,20,66.9,22.5,1,4,1
104689,18,67.8,24.3,1,6,1
104690,23,100.0,21.0,0,5,1
104691,18,62.8,25.5,3,2,1
104692,18,65.3,27.9,1,3,1
104693,25,100.0,23.9,1,5,1
104694,24,77.1,15.0,0,1,0
104695,23,55.4,28.0,1,1,1
104696,24,82.1,25.6,1,3,1
104697,18,61.1,20.0,2,3,1
104698,18,82.9,28.9,2,4,1
104699,20,69.5,18.0,4,1,0
104700,18,66.7,30.0,2,3,1
104701,25,91.3,24.7,2,1,1
104702,18,78.8,13.7,2,2,1
104703,22,83.7,25.9,0,2,1
104704,24,77.2,23.0,1,4,1
104705,23,66.7,22.2,1,2,1
104706,19,79.3,21.3,0,2,1
104707,21,86.5,24.4,0,2,0
104708,22,73.6,22.6,0,2,1
104709,24,93.6,15.7,1,2,0
104710,21,82.2,30.0,0,7,1
104711,20,74.5,23.8,2,2,1
104712,24,75.0,21.3,1,2,1
104713,25,73.6,19.4,5,1,1
104714,21,57.0,28.9,2,5,1
104715,18,70.9,18.5,3,2,1
104716,22,74.7,25.7,1,2,1
104717,25,67.0,22.1,1,2,1
104718,25,76.1,22.4,1,2,1
104719,21,72.3,19.5,1,0,0
104720,19,81.3,21.9,2,4,1
104721,22,80.0,25.0,2,5,1
104722,24,74.0,26.2,1,1,0
104723,25,55.6,21.1,0,2,1
104724,18,93.5,24.5,1,2,1
104725,20,70.3,29.4,2,2,0
104726,21,71.0,16.7,3,2,1
104727,18,67.9,25.0,0,1,1
104728,25,66.1,20.2,3,1,1
104729,18,90.5,19.7,1,4,1
104730,23,88.6,26.3,2,1,1
104731,25,77.3,22.3,0,3,1
104732,23,70.7,18.9,0,3,1
104733,24,79.4,30.0,0,3,1
104734,20,72.9,29.6,0,2,1
104735,24,69.7,15.3,0,2,1
104736,21,76.1,17.6,1,2,1
104737,18,66.7,28.0,1,6,1
104738,20,75.0,23.6,0,2,1
104739,20,74.5,30.0,1,4,1
104740,22,79.2,28.1,0,0,0
104741,20,64.6,26.5,2,3,1
104742,21,80.5,19.9,1,1,0
104743,21,61.1,27.5,0,2,1
104744,20,65.1,18.6,0,2,1
104745,23,65.7,30.0,2,2,1
104746,20,59.1,27.1,2,0,0
104747,24,84.2,20.9,1,1,1
104748,20,60.4,29.0,2,4,1
104749,24,63.6,30.0,1,3,1
104750,20,87.1,23.9,0,1,1
104751,18,65.2,27.8,1,4,1
104752,19,69.7,22.8,0,0,0
104753,24,59.9,25.4,0,3,1
104754,24,82.0,17.5,1,3,1
104755,19,82.2,25.0,2,5,1
104756,22,80.9,25.2,0,1,1
104757,22,78.5,30.0,1,3,1
104758,19,72.9,16.0,3,0,0
104759,21,65.7,23.6,1,4,0
104760,23,62.2,30.0,0,3,1
104761,25,87.5,23.8,3,2,1
104762,24,81.2,24.1,2,3,1
104763,18,63.7,20.8,1,1,0
104764,19,72.5,20.3,1,5,1
104765,21,68.4,15.9,0,5,1
104766,19,58.5,21.9,1,3,0
104767,22,74.1,20.1,0,4,1
104768,18,67.0,25.6,0,3,1
104769,18,60.6,21.1,1,3,1
104770,18,54.3,22.6,2,0,1
104771,20,53.2,22.7,1,3,1
104772,24,67.5,24.8,6,5,1
104773,19,71.0,22.4,1,1,0
104774,25,61.5,19.7,0,3,1
104775,20,79.8,25.4,1,2,1
104776,18,71.2,30.0,1,2,1
104777,20,78.9,25.6,2,3,1
104778,23,69.8,22.0,1,7,1
104779,18,62.6,24.4,2,5,1
104780,18,73.4,14.7,0,3,1
104781,24,56.8,24.3,1,6,0
104782,22,78.5,23.0,1,3,1
104783,20,60.8,20.3,2,2,0
104784,24,83.0,21.2,0,1,0
104785,24,67.9,22.9,1,5,1
104786,20,84.8,30.0,0,7,1
104787,22,58.5,30.0,1,3,1
104788,18,63.9,20.4,1,2,0
104789,20,76.6,22.4,1,2,1
104790,22,86.0,22.5,1,4,0
104791,19,92.0,29.0,2,5,1
104792,25,72.5,25.7,1,3,1
104793,25,94.1,25.5,3,3,1
104794,20,68.5,27.7,1,3,1
104795,21,85.2,22.0,1,2,1
104796,19,60.7,30.0,0,1,0
104797,22,77.0,25.0,1,3,1
104798,18,43.9,20.7,1,2,1
104799,21,58.5,23.9,0,2,1
104800,22,77.6,30.0,3,4,1
104801,22,56.3,22.9,0,3,1
104802,22,77.1,29.7,0,3,0
104803,19,82.9,21.9,1,3,1
104804,24,66.0,21.2,1,2,1
104805,23,60.4,28.3,3,1,0
104806,24,66.3,20.6,0,4,1
104807,21,60.4,29.1,1,1,1
104808,25,70.8,26.8,1,4,1
104809,21,73.2,20.6,0,3,1
104810,24,68.3,24.6,1,2,1
104811,19,92.1,22.3,0,4,1
104812,19,63.4,26.7,1,1,1
104813,22,88.7,30.0,1,3,1
104814,22,59.5,23.1,2,3,1
104815,23,72.9,27.7,0,3,1
104816,20,86.2,25.1,1,4,1
104817,24,85.6,25.1,1,1,1
104818,20,67.0,24.2,1,6,1
104819,22,78.7,20.7,1,0,1
104820,25,77.1,26.7,1,3,1
104821,22,65.5,23.6,1,1,1
104822,23,79.4,20.5,3,5,1
104823,25,94.3,30.0,1,3,1
104824,25,77.7,25.5,0,4,1
104825,21,78.8,23.9,2,3,1
104826,21,80.1,30.0,0,3,1
104827,19,54.5,15.8,0,1,1
104828,22,77.5,30.0,0,2,1
104829,25,59.8,20.6,0,0,0
104830,21,64.9,26.1,1,0,1
104831,20,97.9,22.1,2,5,1
104832,18,69.0,20.4,1,4,1
104833,21,63.1,30.0,0,3,1
104834,19,85.8,30.0,2,6,1
104835,25,60.6,23.9,1,0,1
104836,22,66.6,26.7,0,3,1
104837,19,87.0,25.3,1,2,1
104838,18,72.5,30.0,0,3,1
104839,24,53.3,14.4,0,2,0
104840,25,78.5,26.9,1,1,1
104841,24,67.2,21.4,1,2,1
104842,18,90.5,13.2,1,0,0
104843,18,64.7,23.2,2,2,1
104844,19,84.6,30.0,1,0,1
104845,24,93.3,21.7,3,2,1
104846,24,61.8,29.0,1,5,1
104847,24,69.7,30.0,0,1,1
104848,18,76.7,24.9,0,1,1
104849,19,61.7,25.6,1,5,1
104850,25,75.2,16.4,1,2,1
104851,25,69.3,21.4,2,2,1
104852,23,69.1,29.5,2,7,1
104853,18,72.6,25.3,2,1,1
104854,18,72.9,26.8,2,4,1
104855,18,74.0,25.7,2,1,1
104856,23,64.8,30.0,1,4,1
104857,24,65.3,22.8,0,5,1
104858,23,70.6,30.0,3,2,1
104859,20,71.5,25.7,4,2,1
104860,24,66.7,30.0,2,6,1
104861,18,75.9,18.9,0,2,1
104862,24,50.2,25.9,1,2,0
104863,25,63.2,23.0,1,1,1
104864,23,68.6,25.7,2,1,1
104865,25,61.7,30.0,0,1,0
104866,22,91.6,26.9,1,5,1
104867,21,72.2,30.0,2,2,1
104868,20,74.1,21.6,1,2,1
104869,25,66.2,20.9,0,1,0
104870,23,71.8,25.1,1,1,0
104871,19,57.4,24.8,0,1,1
104872,25,70.0,24.1,4,3,1
104873,18,60.8,20.2,2,2,1
104874,22,68.7,30.0,0,3,1
104875,19,41.3,23.2,1,5,0
104876,23,58.5,30.0,0,4,1
104877,21,89.6,25.1,1,2,1
104878,21,82.0,28.2,0,3,1
104879,23,87.8,27.8,1,4,1
104880,24,88.7,20.9,1,1,0
104881,21,80.1,26.8,1,3,1
104882,25,66.6,30.0,1,3,1
104883,21,59.6,26.3,2,2,1
104884,19,85.8,29.5,1,0,0
104885,18,72.8,28.5,3,3,1
104886,19,100.0,26.5,1,4,1
104887,23,67.6,25.9,1,4,1
104888,22,95.7,27.7,1,2,1
104889,20,70.1,28.8,3,6,1
104890,21,88.0,18.2,4,2,1
104891,24,92.4,26.2,3,2,0
104892,22,59.7,24.1,0,5,1
104893,18,66.2,23.0,0,0,1
104894,18,59.6,30.0,1,2,0
104895,21,57.2,21.3,1,3,1
104896,21,80.0,18.0,0,5,1
104897,24,69.6,29.0,1,2,1
104898,22,72.6,17.9,1,3,1
104899,24,78.7,15.4,1,2,1
104900,22,49.7,29.5,0,2,1
104901,20,87.4,25.8,1,4,1
104902,23,67.8,27.4,3,2,1
104903,22,78.4,22.8,2,1,1
104904,23,79.4,18.1,1,3,1
104905,19,88.4,19.1,0,0,1
104906,23,70.7,23.6,1,3,1
104907,20,46.5,18.6,0,5,1
104908,24,72.7,26.5,0,1,0
104909,24,74.4,22.7,3,3,1
104910,22,59.6,25.9,0,2,0
104911,25,73.8,25.8,1,1,1
104912,22,67.7,26.9,1,0,0
104913,18,55.9,27.5,3,3,1
104914,22,80.1,23.3,0,4,1
104915,24,65.2,25.9,2,3,1
104916,18,67.1,26.2,1,1,1
104917,18,66.4,12.9,0,1,1
104918,20,86.8,28.2,0,1,1
104919,24,71.5,25.7,3,5,1
104920,22,72.9,27.8,1,2,1
104921,25,66.7,18.6,0,2,1
104922,24,77.6,23.4,0,1,1
104923,22,88.2,19.5,1,4,1
104924,23,79.8,28.7,1,1,1
104925,20,80.2,18.0,1,2,1
104926,18,79.3,20.4,2,1,0
104927,21,55.4,27.7,1,2,1
104928,22,61.5,21.9,2,4,1
104929,19,69.5,20.4,2,1,1
104930,19,63.3,29.5,2,2,1
104931,18,59.2,29.7,1,2,1
104932,23,49.5,28.6,1,7,1
104933,25,55.8,29.2,0,5,1
104934,24,68.9,23.8,1,1,1
104935,21,71.2,24.0,0,3,1
104936,22,62.5,21.8,3,3,1
104937,25,72.9,25.8,2,2,1
104938,22,66.8,22.4,0,3,1
104939,20,85.1,22.8,0,0,1
104940,20,70.1,28.0,1,3,1
104941,23,80.4,30.0,1,4,1
104942,21,74.4,27.0,1,3,1
104943,24,55.2,30.0,2,1,0
104944,24,70.9,21.5,1,1,0
104945,18,57.2,15.8,0,0,0
104946,23,70.7,28.6,0,0,0
104947,20,63.1,21.1,1,0,1
104948,22,76.6,23.6,2,0,1
104949,20,55.9,16.2,2,3,1
104950,20,72.2,20.5,0,3,1
104951,20,78.9,17.5,0,0,1
104952,18,82.9,22.8,3,2,1
104953,24,62.8,23.0,2,2,1
104954,19,72.2,25.4,0,3,1
104955,21,74.2,30.0,1,2,1
104956,19,90.6,28.4,1,1,1
104957,19,54.2,16.9,2,2,1
104958,20,61.1,28.0,2,2,1
104959,25,100.0,25.6,0,1,1
104960,25,68.7,24.5,2,4,1
104961,21,49.3,24.9,1,2,1
104962,22,65.0,26.0,0,1,1
104963,25,38.8,21.5,2,0,0
104964,19,74.9,24.1,2,1,1
104965,25,81.7,30.0,0,3,1
104966,18,61.1,21.5,1,2,1
104967,19,66.4,19.9,0,2,0
104968,20,83.1,24.7,0,1,0
104969,18,51.0,19.3,0,1,0
104970,24,56.1,16.4,1,3,1
104971,24,69.3,23.3,1,7,1
104972,21,63.0,30.0,0,0,1
104973,24,68.5,24.8,0,6,1
104974,24,56.8,25.9,3,2,1
104975,24,74.6,14.3,1,5,1
104976,24,70.2,27.2,0,2,1
104977,22,78.6,25.5,1,3,1
104978,18,74.4,21.7,1,2,1
104979,25,74.5,25.9,1,5,1
104980,22,54.6,25.9,2,3,0
104981,25,77.9,19.7,0,2,1
104982,25,68.0,26.7,1,2,1
104983,19,70.0,30.0,2,4,1
104984,21,84.6,23.9,1,4,1
104985,19,63.4,20.7,1,1,0
104986,18,88.2,24.1,1,3,1
104987,25,89.3,29.3,1,5,1
104988,25,81.0,18.9,1,1,1
104989,25,60.2,27.9,0,2,1
104990,25,45.8,21.6,1,3,1
104991,23,84.9,26.2,2,2,1
104992,22,73.3,22.2,1,2,1
104993,25,63.1,22.2,0,3,1
104994,22,86.1,30.0,3,3,1
104995,23,61.7,18.0,1,3,1
104996,19,66.9,27.4,0,0,1
104997,23,78.3,30.0,1,2,1
104998,24,58.6,28.4,0,6,1
104999,23,70.7,18.3,1,3,1
105000,21,85.1,18.6,2,4,1
